"","PC_1","PC_2","PC_3","PC_4","PC_5","CellType"
"10th_C10_S104",-1.20077289202623,-4.42565067867931,2.21251009744992,-4.62429643056415,-1.06257301946753,"ductal"
"10th_C11_S96",4.45033122160373,2.48462866084005,-0.193017753175494,-0.0216983852819172,4.7689408337244,"beta"
"10th_C13_S61",2.96687968677957,1.36452294149683,-0.55655361887584,-1.40725403022679,5.81811623281325,"beta"
"10th_C14_S53",4.63891860468298,1.20364597152165,-0.324111752735429,0.35755856127255,4.10324999921776,"beta"
"10th_C16_S105",2.55214299454069,1.05694644109681,0.297054716981736,0.470125619769009,-4.77402016464738,"alpha"
"10th_C17_S97",2.91024886197779,1.35254587647,-0.196109764479065,-0.358896743119772,4.54684644237679,"beta"
"10th_C19_S62",-37.0479328419946,16.110038593543,9.3603601704484,2.22343205535637,-0.798647729121404,"activated_stellate"
"10th_C1_S59",3.78030848464507,1.68536644658348,0.0662117532631323,-0.818703617389693,3.3873158320148,"beta"
"10th_C20_S54",3.18836993034382,2.21802504894433,-0.152293232309549,-0.305896125687831,5.88590591254851,"beta"
"10th_C23_S98",3.67623934112106,1.73906265977174,-0.33723790284923,0.155293954806,2.78892040742352,"beta"
"10th_C24_S90",-6.05522090125233,-6.6938941463154,0.991485930395689,-8.00545025086449,-0.384898338983613,"ductal"
"10th_C28_S91",4.04798608774573,1.1145695846561,-0.262762413921236,0.338780024002457,-5.07742536221454,"alpha"
"10th_C30_S107",2.76198709196937,0.424870944514371,0.324737729408979,1.34360221224873,-6.46953956405415,"alpha"
"10th_C31_S48",3.01692982822071,0.242608243607389,-0.450816320638615,0.0731237740521758,-4.78285767078381,"alpha"
"10th_C32_S56",3.00382937169128,-0.865875298878413,0.302742014135805,-0.253671812745417,2.59256525665737,"beta"
"10th_C33_S64",4.83410242875871,2.28956671377873,0.41643941387685,0.149259893081669,5.29224915736529,"beta"
"10th_C34_S92",4.33669055155937,0.58777689232511,-0.255412950575291,0.601520521961569,-5.22458396407658,"alpha"
"10th_C37_S49",3.86556845464682,1.92276407062556,-0.529585126346289,0.309852430917958,2.23899946200618,"beta"
"10th_C41_S101",3.59131732085744,0.410563958519536,0.317311471460088,0.260409331263876,-6.0674851121239,"alpha"
"10th_C42_S109",-9.31887884737212,-20.2579264803502,3.0471885184532,13.0538349233532,0.27748902098025,"acinar"
"10th_C43_S50",3.37488833775027,0.152006086578324,-0.478825617538638,0.599540156529281,-7.20943413337154,"alpha"
"10th_C45_S66",3.23008247504074,1.31803701361029,0.136817579869493,0.844347040085645,-6.76697365006863,"alpha"
"10th_C46_S94",-35.6872864292569,4.94149039423778,-54.167592761862,-4.35195046281516,0.771401129497526,"endothelial"
"10th_C4_S103",-17.1308225695348,-30.6619255581693,6.70540028742072,-26.6254256201415,1.97044023337667,"ductal"
"10th_C50_S73",3.13463404536315,0.99818543442111,-0.0733562019048197,-0.028814438551229,-4.90711346984681,"alpha"
"10th_C51_S80",4.27979071126764,0.980841518887939,0.82406790588091,0.0852280148855694,3.32284824037961,"beta"
"10th_C52_S110",2.12055047237327,0.54624563025598,0.256233681461293,-0.196647445108165,-5.33406163138588,"alpha"
"10th_C53_S118",3.33067005747077,0.8664771050735,0.158997165081821,0.62183774516412,-4.2957555175545,"alpha"
"10th_C54_S124",-4.83701709091354,-10.0634607108447,3.46068661134355,-10.5921955545273,-0.182595995047898,"ductal"
"10th_C56_S74",-38.3095660341222,19.7201003134889,13.7340743224466,3.14487625131259,1.30802567338516,"activated_stellate"
"10th_C57_S81",3.78366539884754,0.315933359280266,0.606974927777296,1.02230207479861,-6.50896129797432,"alpha"
"10th_C58_S111",1.67160842746017,-0.438887475645665,1.24926986436987,-1.08337460627307,-2.03734225217805,"gamma"
"10th_C5_S95",3.93520232128275,0.914147627420129,0.418850755479783,0.737833971326249,-5.20185253518238,"alpha"
"10th_C61_S68",3.59257985593159,1.45302825530536,-0.401677102566954,-0.274619131867884,5.33863185393219,"beta"
"10th_C63_S82",-12.3445007532513,-20.914719563927,2.7788071785682,11.8165241906022,2.13902526615347,"acinar"
"10th_C64_S112",3.54670425477298,2.20014092293589,0.616474426170969,-0.555610551549429,4.50132533864423,"beta"
"10th_C66_S126",3.35515311521821,2.20694253928233,-0.410068151568382,0.0333457637141909,3.01550705104022,"beta"
"10th_C68_S75",-2.50901125877895,-8.81821618136461,0.999113769730563,-7.70973423989928,-1.43358421678565,"ductal"
"10th_C6_S88",0.0280236188791847,0.0433208582902288,-0.146651308263182,-0.0568368544379915,-3.2975856066048,"gamma"
"10th_C73_S84",-7.77703288612986,-8.38766903035513,0.270897918882797,-5.64668603011568,0.42918304249089,"ductal"
"10th_C74_S76",2.90221516603509,0.0479830125297087,-0.493875656810245,-0.0251756928222066,-6.76920527392554,"alpha"
"10th_C76_S128",2.06975374327235,1.14017310214392,-0.438024258818087,0.415358892609277,1.48961585225304,"delta"
"10th_C77_S120",-45.268901202922,24.0336342746213,19.8219402963826,3.0042313011291,-4.41994165027208,"activated_stellate"
"10th_C78_S114",2.93104556718351,0.97807065966092,0.474080939524523,-0.0364665618779562,-2.36129389220039,"gamma"
"10th_C7_S60",-17.7091682472197,-23.9815175782117,4.75104777886735,-21.8751553800173,2.11374959973489,"ductal"
"10th_C80_S77",-10.8880393374102,-17.7958803769262,4.49860629187436,-17.1844848990257,-1.4603014826122,"ductal"
"10th_C81_S70",3.73974328165245,2.0900371574838,0.245994040057379,-0.809842452735695,6.49392403898069,"beta"
"10th_C84_S115",3.8165547814756,1.31312422527752,-0.0605340836541208,0.0998910259740362,3.67104848304801,"beta"
"10th_C85_S86",3.66686696076827,1.83709531025242,0.0693545035700393,-0.0169168874523951,3.79279697098886,"beta"
"10th_C86_S78",-9.83398149485009,-23.3509233656806,3.76602166408502,12.3286065677884,0.370804694832941,"acinar"
"10th_C87_S71",-12.3173363929136,-28.9541613183983,3.04297304898058,13.4119598103088,1.04252214581,"acinar"
"10th_C88_S130",-15.8841983409934,-25.9514077065205,6.38447263544918,-20.6474870117302,0.795678788245151,"ductal"
"10th_C8_S52",3.11546016341565,0.627884611885313,0.299335126576981,0.0488448359773066,-1.3527053579233,"gamma"
"10th_C90_S116",3.0556860665358,0.289966087835311,-0.0430417378671522,-0.204762586579331,-5.75014708231849,"alpha"
"10th_C95_S123",3.08810541493729,0.570352853959742,0.278197963458799,0.737092719221347,-6.32707311729849,"alpha"
"10th_C96_S117",1.84555136863397,0.998909486999971,-0.0550348956842266,0.842568188782711,-6.46537140293486,"alpha"
"11th-C10_S63",1.56816456034077,1.28860745596245,0.432146648295411,-0.657285937256857,-4.8078280618258,"gamma"
"11th-C12_S47",2.43184998551987,0.539365782199306,-0.0990975795500395,0.41499119262144,-5.96935793332323,"alpha"
"11th-C16_S64",-34.3753965720401,18.9093230942434,13.6463535209368,4.17440211163456,-1.63249999890938,"activated_stellate"
"11th-C21_S4",4.40638291436256,2.4910919951127,0.228831749091093,-0.558538821271696,4.44694555560827,"beta"
"11th-C22_S65",4.17158347156542,2.11938397989567,0.295302285954431,0.275583105780531,3.87683760346499,"beta"
"11th-C24_S49",-15.9349238309387,-23.7127042789296,6.14585339855607,-25.9722350690714,-0.287311209085614,"ductal"
"11th-C26_S12",-13.7513491348716,-18.711806674609,4.45641555450913,-18.2932115195512,1.38321791849265,"ductal"
"11th-C27_S19",3.78736882355672,2.0649789926168,0.138205751173131,-0.376440956484305,4.88970398430271,"beta"
"11th-C2_S8",-37.8634155222632,21.1767535595979,13.435499496962,3.18482716801931,-2.24254147488774,"activated_stellate"
"11th-C30_S66",3.66448368494194,1.85553514931446,0.427262235552731,0.795554224729475,0.732348866070038,"beta"
"11th-C33_S20",2.84950455603554,0.524412143859646,0.784329768235398,1.58389038051252,-2.41834854213444,"delta"
"11th-C36_S67",2.62140192941425,0.540704994740666,0.271062856261331,0.510991897182317,-3.94146998592142,"alpha"
"11th-C37_S6",3.51644493808281,1.24113438771365,0.53803977840779,1.01069941839457,-5.27377261651225,"alpha"
"11th-C39_S21",1.80541256442502,0.204289018822751,0.411241314310107,0.265501208881922,-2.27265508812895,"gamma"
"11th-C40_S52",-41.42763887535,22.4096597417808,16.8423692305939,5.53455412611978,0.163480140699012,"activated_stellate"
"11th-C41_S60",2.94088155350198,2.01865533558597,-0.0640621865703094,-0.094632980269172,5.56439514063176,"beta"
"11th-C43_S7",-9.37570753821774,-16.069086717868,1.81345562543158,-9.16671147158842,-0.477647442402189,"ductal"
"11th-C44_S15",3.2413189454543,1.8561023652288,-0.339599370868166,-0.407781284189888,5.44453608552751,"beta"
"11th-C49_S23",3.17335566441168,2.1822471265647,0.500379707469564,0.508142401670661,5.00304821014369,"beta"
"11th-C4_S62",-8.47476601425552,-13.0608208338963,1.24516585969112,-5.77174434404208,-0.506329001863752,"ductal"
"11th-C51_S39",2.78507812530393,1.62468847625824,0.00316532947775683,0.323252914038065,3.67676141367714,"beta"
"11th-C53_S78",2.43036284278406,2.29814536169085,0.640270470159056,0.178322044715265,3.67560247158262,"beta"
"11th-C54_S86",3.74013468230075,1.32470276908933,-0.0158755161880245,0.488219051344939,3.74851226837397,"beta"
"11th-C55_S24",-13.0777849342925,-18.0865877228446,4.45670904039746,-19.228326867998,0.0959294871362583,"ductal"
"11th-C56_S32",-50.1726162895555,24.4320825017435,15.162972664362,3.89658136799612,1.18540861207086,"activated_stellate"
"11th-C57_S40",3.92188888620361,1.41209979891925,-0.25241457471076,0.303548308062208,-6.61399820153907,"alpha"
"11th-C58_S71",-12.2462843212153,-15.7668179579262,2.79799002462684,-12.9937371808836,0.978339327491288,"ductal"
"11th-C5_S54",2.1329741519973,-0.00306436474622677,0.516867271044736,0.673786689302522,-3.94949063420453,"alpha"
"11th-C61_S25",3.54532166831703,1.32060165079582,-0.254306955074633,0.602109137243182,-5.12283954742069,"alpha"
"11th-C62_S33",3.67423454843756,1.4941057321698,1.69800757306413e-05,0.262508302839757,-5.29564849188425,"alpha"
"11th-C64_S72",-11.5871747216471,-27.9064446254679,4.82300006756173,17.5335121003733,0.665399855333786,"acinar"
"11th-C66_S88",3.21837529772084,2.69565877091069,0.0309335226450051,-0.32247828524034,6.15087065086256,"beta"
"11th-C67_S26",3.65174381645831,1.31035096549976,0.162123499407589,0.710583263025468,-5.74185914057171,"alpha"
"11th-C68_S34",-7.48117499867825,-9.60183581239603,1.65061953933309,-11.8915799454372,-2.0815229237302,"ductal"
"11th-C77_S82",-35.5002310779267,5.80647847226916,-52.7784780580263,-3.0690760897422,-0.822952377360441,"endothelial"
"11th-C7_S16",-19.8200534084443,-26.9602908354437,6.37956425539955,-26.5441860847614,1.58945196949988,"ductal"
"11th-C93_S30",3.97414251707336,0.948242454771815,-0.353594998411287,0.502412539204553,-5.15959063733865,"alpha"
"12th-C10_S155",4.05742426718836,2.19889024059827,-0.275792600440116,0.306482631546251,4.08847361690859,"beta"
"12th-C11_S147",3.70996609813832,0.983100546744229,0.427806170220783,0.944822287331413,-4.40068956660151,"alpha"
"12th-C12_S139",3.28246275047095,1.39851368100013,0.214011821299079,-0.307313479007614,1.81446457754908,"beta"
"12th-C14_S190",3.58528030156494,1.63644109375119,0.0542108515128812,-0.257171020445519,4.90324444410572,"beta"
"12th-C15_S183",4.33657751134594,1.99461047479242,0.385150137624178,-0.0911896387834515,3.1585000728827,"beta"
"12th-C1_S195",4.17643703881834,1.53532629392515,-0.0490840326248899,0.478104362471902,-6.06228281534999,"alpha"
"12th-C20_S191",1.15993131808192,0.388431991835237,-0.268310801784208,-0.900115568474922,-1.5790251495111,"alpha"
"12th-C21_S184",1.94040902943105,1.86006368713138,0.622335157461013,0.527162030823303,3.23606995357882,"beta"
"12th-C23_S149",3.72602374990713,1.00667014533439,0.249950860430261,0.823496523346012,-6.91840515226206,"alpha"
"12th-C24_S141",3.77304598268181,2.00265885922515,0.455140145046554,-0.114258497760122,4.57642813077778,"beta"
"12th-C25_S185",3.06065126231875,2.36093852369656,-0.8487201833603,0.0123405431960249,3.48828844774398,"beta"
"12th-C26_S192",3.59332182570305,0.88901679373225,0.201076356782738,-0.463229290496121,3.93034789916646,"beta"
"12th-C28_S142",3.80522583830791,1.44592122709853,0.36761072583293,0.512601105533512,-7.16744934865765,"alpha"
"12th-C29_S150",3.40697753552293,1.05024590827585,-0.0387338439998059,0.364887997018721,-5.03110538469943,"alpha"
"12th-C30_S157",4.29309898059068,1.12904836048805,0.0793108831779158,-0.315515613881593,5.0938088162819,"beta"
"12th-C33_S200",4.03180998901587,1.73832790125955,0.38086419930487,0.0474942691814173,3.92005178119813,"beta"
"12th-C35_S151",4.18211101750218,2.48944691969174,0.574691579263716,0.137929716227036,5.97470693654727,"beta"
"12th-C36_S158",-39.0462377023659,21.4260738565694,15.8940022014326,3.04731253046587,0.107544601084138,"activated_stellate"
"12th-C37_S187",3.68446956720169,0.927132712472341,0.781686058522582,0.424500421063669,-5.69923811964213,"alpha"
"12th-C38_S194",3.77742063737085,2.27496604090738,0.0578966585488636,0.159513350451462,3.76741479369723,"beta"
"12th-C39_S201",4.02286018125105,1.505423104846,-0.013666682740971,0.217850368084151,-5.65332194778322,"alpha"
"12th-C3_S181",3.53137354879877,1.56317323261556,0.584754646050015,0.0784306835132067,4.8057145850708,"beta"
"12th-C40_S144",3.7190146465903,1.86467455435658,0.393517579980043,0.125936209566674,2.0518783461854,"beta"
"12th-C42_S159",3.3707619039634,1.66056206315625,0.41743449592978,-0.328562950193312,2.97232889228188,"beta"
"12th-C46_S145",-39.1759010753765,19.7929036293854,10.345664184513,2.85069157706553,0.732635661093236,"activated_stellate"
"12th-C47_S153",3.92300863440607,1.01032633568712,-0.0551424615802861,0.566192945912992,2.98593037441911,"beta"
"12th-C48_S160",3.58265096871441,2.50164625963168,0.0728093281020425,0.100289823697925,6.56896281663282,"beta"
"12th-C4_S154",4.81558726756346,1.97563446998851,0.322392607286525,0.66996563044045,3.82577107091244,"beta"
"12th-C50_S210",3.87669872204162,0.0618795923769657,-0.160436809876123,0.361259669489259,-7.04294767101574,"alpha"
"12th-C51_S217",4.58746937149103,2.06409392579005,0.309724528714449,0.420927533461206,3.55107294414052,"beta"
"12th-C53_S168",-11.7261444385867,-26.4661886661197,1.98666650211826,18.4073871237878,2.24188544507068,"acinar"
"12th-C55_S203",3.55768355140002,1.79397153163072,0.653854248459341,-0.711516188443768,6.52161452388311,"beta"
"12th-C56_S211",-14.9887671571387,-20.9266491705754,4.95223775663254,-16.2177418371273,-2.05579009140869,"ductal"
"12th-C57_S218",2.96093878959411,1.3036270896312,0.140956598091423,0.48220296579547,-2.97019162005986,"alpha"
"12th-C58_S162",2.82328359788227,0.120480106965157,0.0839208125362626,0.0477144284882967,-6.16491525402658,"alpha"
"12th-C59_S169",3.60201310357221,1.90436388622344,-0.370968442062249,-0.821146858141774,6.07584245575639,"beta"
"12th-C60_S176",3.54372814695944,1.69405788494927,0.206589522799293,-0.439080184821134,6.62114339134961,"beta"
"12th-C63_S219",4.57223456551999,1.70749235056927,0.0888415854876542,0.439097250604623,-5.02317163638359,"alpha"
"12th-C64_S163",2.93875506511662,1.37858293679537,-0.485748061056016,-0.93641762106869,5.09140371529325,"beta"
"12th-C65_S170",3.75117854768104,1.81524724339346,-0.643485765540692,0.0192189456825687,3.79726603555353,"beta"
"12th-C67_S205",3.12447584559232,2.15011426096566,0.61794873989621,-0.574132686977819,4.92697882252935,"beta"
"12th-C69_S135",-25.8534390531216,5.23125470374833,-43.8316228417694,-2.31334501207597,-1.0384244373213,"endothelial"
"12th-C71_S171",3.86418487202447,1.39869688527205,0.00206556043054034,0.139255950546569,-6.83366576479957,"alpha"
"12th-C74_S214",3.52938914123225,2.04743374014515,0.271038391310861,-0.583390729355526,4.66308079230997,"beta"
"12th-C75_S206",4.83605995035093,1.32154754803738,0.183037215173776,0.636102170696302,-4.87461797610715,"alpha"
"12th-C76_S177",-14.0346325790223,4.13594239806085,-23.3412889690591,-1.63374428334379,3.06589327007619,"endothelial"
"12th-C7_S196",3.02394543103164,1.8216013091823,0.582576047576316,0.271280399590221,4.41160194442682,"beta"
"12th-C80_S215",1.72318074788986,-0.0427120215719301,-0.0316273031803975,0.0652318279720801,-5.14310166536494,"alpha"
"12th-C81_S207",3.95971132187188,0.905112579418098,0.357065089031918,0.790276528693207,-4.27338639993031,"alpha"
"12th-C84_S165",2.57207212546303,1.46357512837406,-0.415409116173439,-0.245885372853745,2.83062716512546,"beta"
"12th-C85_S137",3.75913858683968,1.80255747693015,0.00966559417767772,-0.696643467000928,3.11572108109758,"beta"
"12th-C8_S189",4.01580052785029,1.85162079420274,0.0779269171849733,-0.00277795921447514,2.45874023846788,"beta"
"12th-C90_S166",3.77774295331007,1.86897027840484,0.0820526893353205,0.453090377863163,3.22936349728888,"beta"
"12th-C93_S209",3.42157001133836,2.15500519847602,0.496078020708359,-0.127055185765729,5.46430007256187,"beta"
"12th-C94_S180",-48.3463522706666,23.3179437293184,14.3351867778103,4.67659828022682,0.0913830490957992,"activated_stellate"
"12th-C95_S174",3.36011342188562,0.202574856065399,-0.433548012550754,0.130230022254846,-7.06446924766267,"alpha"
"12th-C96_S167",3.43457434718747,2.79501949464479,0.891702543370734,-0.358876891021822,8.7444671362563,"beta"
"13th_C12_S178",3.12978492937336,2.271791411626,-0.097538683119323,-0.969674358840998,7.33598975967533,"beta"
"13th_C13_S149",3.41093350720331,0.697484015086546,0.21862605912806,0.661615036815894,-6.96036644806121,"alpha"
"13th_C15_S134",3.3288509843356,2.55064328835621,0.105651016367763,0.02059412209973,6.79578838409693,"beta"
"13th_C16_S193",3.09097332766727,1.67050000897039,0.364825558642015,-0.328701284105127,3.18748802561147,"beta"
"13th_C17_S186",3.45474898908103,2.16686805984923,-0.0113235124221688,0.175425080900793,3.95697165698015,"beta"
"13th_C18_S179",2.21479684168625,-1.71145682828328,0.942585506002802,-0.730348432200419,-4.81375371301868,"alpha"
"13th_C1_S147",3.73878188437391,1.5123858589197,0.0360632635988934,0.420453818046855,-5.0778712955036,"alpha"
"13th_C20_S142",3.80949574688228,1.3257548108807,0.806366032757945,0.229005772554896,-4.74558568823087,"alpha"
"13th_C21_S135",4.09328837839328,2.78354317726946,0.165586724710093,0.356167525465204,5.36959463520727,"beta"
"13th_C23_S187",-13.8903391892436,2.89713987430599,-26.4639584753326,-1.32998391671409,-6.13829255499781,"endothelial"
"13th_C27_S151",-11.0040309673457,-27.2587445398425,3.11541657570083,20.6484319690237,1.6706951175671,"acinar"
"13th_C29_S188",4.36862629768005,1.68393259432871,0.0971102599579086,0.537637257976284,-6.05883229506911,"alpha"
"13th_C31_S137",3.53017984148001,0.983237894145997,-0.283665954470472,-0.182253473218965,-4.06802299067686,"alpha"
"13th_C34_S181",3.71559336953838,2.3314610722822,-0.279269322405327,0.504719753650788,5.01294966027366,"beta"
"13th_C36_S196",-16.7298839047179,1.74413038124618,-0.929277816080581,-1.54179506334034,-0.460399221597071,"schwann"
"13th_C38_S145",4.51983012176556,2.3386581528342,0.603805191119022,0.0382726564429537,5.1083553418737,"beta"
"13th_C39_S153",2.9031417841335,2.01237167911032,0.358444241930102,-0.577092360922509,5.78987983297236,"beta"
"13th_C3_S132",4.03482544621711,1.32389237186088,0.426590492880563,-0.273612271657029,-4.10634194883191,"alpha"
"13th_C46_S183",3.21483844978852,1.70653850680821,0.336958609507316,0.400298937364782,4.14721822008826,"beta"
"13th_C49_S155",-13.7190136863779,-20.4761591753032,3.81470069785511,-17.5801595612794,2.12023986947641,"ductal"
"13th_C4_S191",4.06105472009362,1.526181532247,-0.00433059433204458,0.694752973022067,-5.3469541183558,"alpha"
"13th_C51_S170",2.18894087002399,1.08712734179738,-0.121507881879149,-0.306803057114093,-1.18172800363029,"delta"
"13th_C52_S198",3.59044637523459,2.04441683928703,1.07710536991887,0.39361731915301,0.667679606076469,"beta"
"13th_C53_S205",3.4727983194952,0.773458954124148,0.0287737019432528,0.355389102810409,-4.31990332676773,"alpha"
"13th_C54_S212",3.6828792653174,1.2718682410191,-0.368824044353407,1.12384555098795,-4.1403271161401,"alpha"
"13th_C55_S156",-0.118038107455294,-2.89790273270474,0.50851181651203,-2.66725341306536,-4.32419800749233,"alpha"
"13th_C57_S171",3.65328615099266,2.24152149550924,0.281104987718466,0.132697440790217,5.32596415251595,"beta"
"13th_C5_S184",2.41879034092693,2.6837988846573,1.04122324220865,-0.561563028162029,7.35443450839762,"beta"
"13th_C60_S213",4.27090224526379,1.3294423749188,-0.345452099350562,-0.277152142847271,-3.90768404151831,"alpha"
"13th_C63_S172",3.59844671276837,1.59130342459775,0.316575033287499,-0.291743418753044,3.97891832942163,"beta"
"13th_C66_S214",3.13051190984491,2.35457553542614,-0.117183658157966,-0.0356685950902506,1.70422428827816,"delta"
"13th_C68_S165",4.0113343025641,1.79077581133285,-0.200144800141021,0.188582137786015,4.20917744319943,"beta"
"13th_C69_S173",-7.18854717086713,3.1549311432882,-17.0679300652924,-1.23397725689623,-4.76757803452832,"endothelial"
"13th_C6_S177",3.57811905830631,1.31955796627593,-0.316427979781858,0.356701195627323,-6.64186160638639,"alpha"
"13th_C70_S201",4.05151986041909,2.20272096492817,0.149818938378664,-0.51679614137874,6.5508314308442,"beta"
"13th_C71_S208",3.17228558683628,1.95104821746919,-0.112060671800087,0.103506547680702,6.34639239892423,"beta"
"13th_C72_S215",-14.3890430959978,3.44617818784579,-24.1810833434159,-1.33459057128484,3.36534070593195,"endothelial"
"13th_C75_S159",3.64159932734016,1.66559916081125,0.229377559823419,0.213865917082847,4.89695291377026,"beta"
"13th_C76_S216",3.3811590920946,0.161050531351179,0.103246690208162,0.461134738045573,-5.34335052847591,"alpha"
"13th_C77_S209",4.20434773505753,1.15115096052196,0.356313389327062,0.43445677971302,-5.89215898278887,"alpha"
"13th_C79_S174",4.4764495247684,1.23664882854117,0.206954125249021,0.782382796820386,-5.87109131767484,"alpha"
"13th_C80_S167",3.72312182081957,2.18720725809638,0.0841376844081891,-0.11074616626906,6.82989764319619,"beta"
"13th_C81_S160",3.85389338591794,2.22646168686851,0.745613313498515,0.235428566984374,6.72073471104805,"beta"
"13th_C86_S168",4.69780116805163,1.70974945664688,-0.0916187602406118,0.706810488846904,-6.85322612158265,"alpha"
"13th_C88_S218",4.29349064440832,1.05366995630197,0.536112375167622,0.0620903267492333,-3.70518959445138,"alpha"
"13th_C89_S211",3.46227222922945,1.86847157343734,0.236658621246631,-0.494314632865253,4.21245317660459,"beta"
"13th_C8_S140",-16.9185236377121,-20.4240428996246,6.05092464767607,-21.8768175518431,-0.0149753475971368,"ductal"
"13th_C92_S169",4.29367691535347,0.761184128742635,-0.253141429006364,0.467601015099121,-5.34860146479467,"alpha"
"13th_C93_S162",3.56340918618381,1.41103263563965,0.496094728078174,-0.0572500721390358,-6.30367862223443,"alpha"
"13th_C94_S219",2.77216763495554,1.88771651441269,0.346505950621,-1.50841126699979,8.63137009430578,"beta"
"13th_C96_S204",2.72914233380148,1.14367865520684,-0.21818504219011,0.0447245407266312,5.43019458659855,"beta"
"1st-61_S27",3.09354835354789,1.17932939747559,-0.00757829166141666,-0.889164360313273,5.96185020591896,"beta"
"1st-C11_S58",3.06393853872699,1.57649107871667,-0.0170693983945366,-0.774329987935167,3.09161622135506,"beta"
"1st-C13_S19",4.36840710041699,1.81455222104065,0.766196142580221,-0.166960993595267,2.23754204531902,"beta"
"1st-C15_S3",4.52549029994579,1.09791155294638,0.0318009171762989,0.456428819281342,-5.53513512431609,"alpha"
"1st-C18_S51",2.511596345914,2.21251913332511,0.530425547860199,0.760459223070506,-6.43915268213015,"alpha"
"1st-C19_S20",1.4370925830902,0.452152378997536,0.514077299682996,0.000418783749934624,-5.23859085191199,"alpha"
"1st-C20_S12",2.59786886605813,0.652511311343194,0.191058769426484,0.095509970717634,-4.12687450792244,"alpha"
"1st-C21_S4",3.18261946461695,1.58201249644062,0.672768253295977,0.789342769402009,-4.38515713971715,"alpha"
"1st-C32_S14",2.76324215595312,1.95025947119007,0.382982661849836,-0.137979067292546,6.54916303099862,"beta"
"1st-C34_S54",-50.9753732007354,23.9128751564456,15.3691071501003,1.97220318058657,-2.21729818323844,"activated_stellate"
"1st-C39_S23",2.64464622048019,2.43809647940913,-1.8842522338977,-0.186168066080104,7.18096837381145,"beta"
"1st-C42_S71",-55.5941397088163,26.1061266041399,20.7915040135471,6.16881711564343,-0.434763201615343,"activated_stellate"
"1st-C50_S33",2.89836840728847,0.867171485190724,0.245672373744816,0.231183259590498,-5.09829132091521,"alpha"
"1st-C51_S41",3.05631831298016,0.641784022556105,-0.00851598590580216,0.267436324986814,-5.48105875881267,"alpha"
"1st-C53_S74",3.21213608126173,0.855259754490437,0.150008419913091,0.489756723257174,-4.0946558394692,"alpha"
"1st-C56_S34",3.55864096304862,1.44182267067918,0.50343243634805,0.552860526794971,-4.56693973376408,"alpha"
"1st-C57_S42",3.56835957012485,1.2484187615466,-0.325549934566563,0.127581304924981,-5.13892482817948,"alpha"
"1st-C58_S76",2.84976171601508,1.21113561199823,-0.264381540509268,-0.863819716076434,5.7409847444835,"beta"
"1st-C59_S77",3.20280791675571,0.605830230748681,-0.383986411580889,0.528021074991272,-5.80518836015699,"alpha"
"1st-C62_S35",4.22558906112573,1.52863847521486,-0.0666011184174836,0.757083309048102,-5.8654664413472,"alpha"
"1st-C64_S79",3.07179693661515,2.63961802128474,0.770380536439438,-0.442772945613408,7.58304416484339,"beta"
"1st-C68_S36",3.0300259494978,1.14872683600036,0.0868761768830728,0.31082016844106,-6.57354326733248,"alpha"
"1st-C69_S44",2.48847504090983,1.04277123457674,0.434361428502172,-1.20870357220977,1.30307413369827,"delta"
"1st-C71_S83",4.18181899528982,1.20778964520237,0.0739616185134775,0.480496636503728,-4.94828870957789,"alpha"
"1st-C73_S45",4.30311228862659,1.45379441924347,0.228605823024589,0.41961108651981,-4.54704061432709,"alpha"
"1st-C74_S37",3.75945011499995,0.843725899862224,0.446033088856795,0.227029865565476,-5.9957590413385,"alpha"
"1st-C75_S29",2.61242232319476,1.98225191668888,0.336167294972538,0.0367195963344302,-0.143022468499072,"alpha"
"1st-C77_S86",1.7336058622711,-0.00866196156193,0.0668417524997847,0.567583683951641,0.745962480409793,"beta"
"1st-C78_S85",2.53660772867942,1.15516426910953,0.218299968593261,0.733118671977422,-5.60360657398161,"alpha"
"1st-C79_S46",3.70535710942623,2.04574966452213,0.0416961669212158,-0.38708349719209,3.58979039775252,"beta"
"1st-C80_S38",3.66127765498854,1.888345207292,0.01025644667683,-0.177157789920525,-5.05556621909496,"alpha"
"1st-C8_S10",3.60971072591928,0.924325650876599,-0.210299134341136,0.41120970171814,-6.92699098276357,"alpha"
"1st-C90_S91",3.77092039266365,1.93477961647605,0.291116208151738,-0.356394891061847,5.74347543213937,"beta"
"1st-C96_S94",4.36595016821269,1.8201986084447,0.74311866432186,-0.198187406295079,5.08021487678899,"beta"
"2nd-C11_S20",2.99750665072321,1.39569956608405,0.562608637823456,0.556917695455161,-5.48338636047372,"alpha"
"2nd-C15_S25",3.64417218735836,2.60324498109479,1.22455628276301,0.141010684555612,6.53540289597716,"beta"
"2nd-C16_S33",3.34018239859077,1.45034912071546,0.416732900238172,-0.562524923970275,-4.03756049404179,"alpha"
"2nd-C17_S32",4.01860128139246,2.16444353055191,-0.0079107175634105,0.626215430689929,3.88460445824793,"beta"
"2nd-C19_S39",4.30688445000303,2.49529759605593,-0.11593094504341,-0.522628825503532,5.89086403951244,"beta"
"2nd-C1_S3",3.36344051427571,1.23036174048281,-0.284660942155668,0.498217478569258,-5.64356113295575,"alpha"
"2nd-C21_S37",-20.6732260044154,5.17857761745998,-37.640385012441,-2.51211983714244,4.66026939324986,"endothelial"
"2nd-C25_S49",3.32801890051266,1.11772938391852,-0.569214928166275,-0.0527294893687138,-1.53766424017544,"delta"
"2nd-C26_S50",4.02094386250652,1.23579496759443,0.045665327195197,0.852357937910229,-6.46706999739677,"alpha"
"2nd-C27_S51",5.07912494921229,2.61218865920145,0.780643241182561,0.227754052005397,6.05858304567119,"beta"
"2nd-C28_S55",4.76616305158343,1.53343333778715,0.341414167184268,0.511438406055367,-5.82120926774981,"alpha"
"2nd-C29_S56",3.89265245206044,1.56230463381275,0.668595676036794,-0.103907099702338,-4.26777146709442,"alpha"
"2nd-C2_S2",-48.9782139362904,14.9288650591054,-38.9915122042808,-3.05911981439337,1.99223269988527,"endothelial"
"2nd-C31_S61",3.17608585930125,1.196403385796,-0.02462513900954,-0.0311054971376469,-5.6629530976341,"alpha"
"2nd-C32_S62",3.84589906028089,2.00686490288111,0.565433495346836,0.224048009378139,6.61664288538122,"beta"
"2nd-C36_S69",3.85105589377764,1.11339888878617,0.0622594629942145,0.944144541618992,-5.40312001920208,"alpha"
"2nd-C37_S73",5.11779575124243,2.14683348932089,-0.413612464083634,-0.578078458716511,4.35606780075269,"beta"
"2nd-C38_S74",4.06738289264224,1.69448507022266,0.146154513023497,-0.46342503147901,5.41029853950848,"beta"
"2nd-C39_S75",2.14049173559738,0.613136500975332,-0.687581961515075,0.682107173813719,-5.24868631858507,"alpha"
"2nd-C3_S1",3.84763102956239,1.75766162123184,-0.479572446854564,0.32414507340445,-3.93769950641825,"alpha"
"2nd-C47_S92",2.61158746596682,1.57107218342703,0.068152773410815,0.684376668845115,-4.84067398813465,"alpha"
"2nd-C49_S4",3.90460418789737,2.22996463182917,-0.540610884571109,-0.0978531972726056,3.66408074632965,"beta"
"2nd-C4_S9",4.55500488356065,1.87711353349768,0.58711592067696,0.335215461487691,-2.86501063097605,"alpha"
"2nd-C51_S6",4.14610092602232,1.73929130584681,0.727899293361461,-0.584831960608922,3.97974814915626,"beta"
"2nd-C52_S10",4.0296988920595,3.10694157019511,0.115104116728796,1.06058317777805,7.92152503736148,"beta"
"2nd-C54_S12",-44.8089499498166,21.959802571316,17.5775093852129,4.30398542246086,-1.16494390454794,"activated_stellate"
"2nd-C57_S18",3.32154550857315,1.26542586049078,0.293061215166783,0.453397671667056,-6.49575768202682,"alpha"
"2nd-C58_S22",4.05667090561448,1.22503085903285,0.33427463742917,0.163715797982561,-4.92915674575717,"alpha"
"2nd-C5_S8",3.73093330631142,2.59256404497601,0.387316688629585,0.217487636371729,6.1452198771129,"beta"
"2nd-C62_S29",3.61222491061391,2.30189921995274,0.498488904092124,-0.660921327582144,7.17803772840729,"beta"
"2nd-C67_S40",4.1196746987928,1.93390854176587,-0.0374012151541778,0.503897124624595,-4.9357042493053,"alpha"
"2nd-C69_S42",4.33618251385983,1.53600671633097,0.321234533463356,-0.213730438834602,-4.05695674761922,"alpha"
"2nd-C6_S7",4.22705501746444,1.5115185856417,-0.376175013404745,0.8233679838228,-4.88648573526086,"alpha"
"2nd-C72_S48",4.88680189600139,3.04440380208053,0.653187175888365,0.195954226393819,5.98170513210053,"beta"
"2nd-C74_S53",3.87763330139499,1.39972631996093,-0.0967278731021623,-0.00818056855703735,-5.94690014283756,"alpha"
"2nd-C75_S52",3.56752894068047,0.737285869477485,0.540323011215456,1.17312151808116,-5.35087778187311,"alpha"
"2nd-C76_S60",4.35059084846775,1.71871968380162,-0.28171169379997,0.736558413477303,2.04243919956926,"beta"
"2nd-C77_S59",3.85475897338019,1.99417995250016,-0.554418515498638,0.429547413360873,-5.46881296426811,"alpha"
"2nd-C7_S15",3.85347663136783,2.6694568161249,-0.0925473694740717,-0.727685669080877,8.50189780628591,"beta"
"2nd-C80_S65",3.59984297499648,0.674489678072034,-0.335710753348692,-0.167944646437576,-7.03108250838776,"alpha"
"2nd-C81_S64",4.61596168647941,1.80061070880568,-0.463922757012894,0.0897018267247686,3.30194536141815,"beta"
"2nd-C83_S71",3.24435361563654,1.02676615058453,0.486290806647053,0.122300538873043,-5.88461843178148,"alpha"
"2nd-C86_S77",4.21506338119009,1.88929518068989,0.120202595048332,-0.491598663035828,6.59621655027533,"beta"
"2nd-C87_S76",4.20922795236602,1.88239256476049,0.515495270910712,0.164391871799061,4.22094665477878,"beta"
"2nd-C88_S84",3.89604295897463,2.14574338069415,-0.0956718122665851,0.165583694321906,3.16931729154679,"beta"
"2nd-C8_S14",3.27259311939605,1.84438429639508,-0.190089406013033,0.278521986386104,-4.20587538877042,"alpha"
"2nd-C93_S88",4.63566417957571,2.39211004602288,-0.477827894026762,-0.140247381537169,6.03341567951659,"beta"
"2nd-C94_S96",3.96547695528302,0.4182584296685,-0.207695207873064,-0.0617101266813251,-3.49225204559445,"alpha"
"2nd-C95_S95",4.01835304435003,2.60935041158508,0.331116542554422,-0.00923300305237653,8.48692255716556,"beta"
"3rd-C11_S58",4.08315631833973,1.3158899235508,0.0173365268145598,-0.319674392561395,5.44586831897032,"beta"
"3rd-C12_S68",4.66190116507507,1.77963593277525,0.211838465494776,0.682789443676282,-5.88246486910014,"alpha"
"3rd-C18_S80",3.44377808848789,1.5113884681602,0.304864935255514,-0.173833457311175,-4.31663970508669,"alpha"
"3rd-C1_S39",2.79090356594506,-0.322825340012231,0.452877024772579,0.501474761558156,-0.965308561424542,"delta"
"3rd-C20_S22",-10.4325300588892,-17.372391714906,4.46108937548348,-18.6008126563903,0.381440222657117,"ductal"
"3rd-C21_S11",4.33479228410106,1.63806200768485,0.404512460523254,1.02153398828968,-5.58094510305494,"alpha"
"3rd-C23_S94",2.43042788940651,0.937901724416462,0.0843877248201361,0.738705348888513,-4.20851683598589,"alpha"
"3rd-C25_S15",3.42811023522414,2.7550675002584,0.019463624007036,-1.05439554666905,7.60486817811157,"beta"
"3rd-C26_S28",3.08849823963854,1.29487070601751,-0.810776635412907,0.596914027704901,-4.96344695480589,"alpha"
"3rd-C27_S49",3.67210769642576,1.32374638806692,0.030702950843902,0.604915060383466,-5.66114577850562,"alpha"
"3rd-C32_S31",3.57065380261062,1.61165699304733,0.100559350796953,0.910119374119746,-4.71075787610776,"alpha"
"3rd-C33_S50",3.09443313143479,2.11477993090504,-0.164027761512853,-0.649759580958633,5.998687272083,"beta"
"3rd-C35_S23",-37.2009813005464,14.3529918401168,6.49012858663699,0.534521877047238,1.88978749693066,"quiescent_stellate"
"3rd-C36_S2",2.92316600615033,1.54825330945011,0.794107488922947,-0.114697316365664,5.43402931205935,"beta"
"3rd-C3_S2",3.84488171891533,1.91162747156935,0.447017723888764,0.919643782549682,-4.80182782076842,"alpha"
"3rd-C40_S57",2.93672322644034,2.03711069739603,0.150128101967492,0.600099701349987,-0.614489958179627,"gamma"
"3rd-C42_S74",-28.7204579807938,14.5020727028556,9.66945212381526,3.49158806878147,-0.557533541290198,"activated_stellate"
"3rd-C44_S32",2.66268279328116,1.7200900439429,0.119338748609004,-0.282116012033446,-0.410582411558135,"gamma"
"3rd-C46_S93",3.66197275892928,0.9369904533152,-0.439176516515316,1.15631548509297,-3.23824143543012,"alpha"
"3rd-C47_S35",2.35927859442356,0.230550402667201,0.366258992606848,-0.682591852403702,-1.19858904012239,"gamma"
"3rd-C49_S60",3.95445516655985,1.36070255108737,0.0119786064235282,0.67633510547536,-5.33366163337678,"alpha"
"3rd-C4_S25",3.98688830508114,2.66288405713547,0.186786431427155,-0.375155358860694,6.69882531842029,"beta"
"3rd-C51_S87",-52.0132260974309,24.5028854913508,22.7167958545452,7.56163861442672,-0.149234338587518,"activated_stellate"
"3rd-C52_S86",3.55938944632819,0.868082290275615,0.155411218563603,1.14016623135087,-5.44125999641073,"alpha"
"3rd-C53_S67",2.97238160336518,1.32113388182101,0.614431788909915,-0.802030717613229,-1.86677426319191,"gamma"
"3rd-C56_S90",4.55654711408552,2.69225821158413,0.805977221598775,-0.25277493624636,6.01026738942699,"beta"
"3rd-C57_S5",2.49096792309216,1.17274056624084,0.257798028082763,0.150763853132013,-6.75439424976646,"alpha"
"3rd-C58_S3",4.3401392700396,2.05003813671308,-0.26054844689217,-0.266455019566858,4.89598285130644,"beta"
"3rd-C59_S91",4.12365862011555,2.60036207184817,0.00660710402195598,0.0564506879416276,4.91638222611072,"beta"
"3rd-C60_S10",3.99859016099409,2.65317690877933,0.138185715418124,-0.335970769708291,8.63241256317705,"beta"
"3rd-C61_S64",3.98234529334228,1.10087852664076,0.00776720970783751,0.441524698427935,-5.32057842642116,"alpha"
"3rd-C63_S54",3.44940812034867,1.96438498349644,0.0677962745751084,0.665047827937879,-4.93869164988113,"alpha"
"3rd-C65_S20",4.66082148524698,2.64518655140232,0.160673995243676,-0.401303834898908,6.20609656418143,"beta"
"3rd-C67_S69",2.08247985615371,0.109895070396643,0.617553138646513,-0.00704420475772332,-7.28565463587919,"alpha"
"3rd-C68_S13",3.08090844336495,1.53763655180978,0.646597095538782,-0.663832952270119,1.09596923963953,"delta"
"3rd-C69_S78",4.12102594908421,1.67990653554647,0.085407137374214,0.745615009731087,-7.10786961101067,"alpha"
"3rd-C6_S44",-2.26492307584685,0.421430694396855,-1.1601557422134,-1.04865660101572,1.30963345183403,"mast"
"3rd-C71_S80",4.01038185625482,1.53455554016708,-0.0120495743672931,-0.116313427026549,5.36035404374797,"beta"
"3rd-C76_S22",3.19730289127734,1.26550303566012,0.138281499802888,0.087174338057792,-4.48515602440328,"alpha"
"3rd-C79_S67",3.19884113520367,0.454276120475566,0.127675847666641,0.0120618898896041,-4.5040653161905,"alpha"
"3rd-C7_S40",3.42341937648545,0.533124851898815,0.533963066502855,1.29737242492522,-5.9452316862544,"alpha"
"3rd-C82_S11",3.67862527522952,2.49626056509831,0.0537926632756153,-0.931424428468485,6.97830847825365,"beta"
"3rd-C84_S75",2.82356991322634,2.6719502632954,0.540959728445894,0.305779219069422,4.84555666937046,"beta"
"3rd-C85_S79",4.40771464765461,2.28735122711521,0.475359519453595,0.762264974641279,-6.30471510477428,"alpha"
"3rd-C85_S83",4.2993594197296,2.36706231372334,0.490970403043017,0.744337707522651,-6.38023668641218,"alpha"
"3rd-C86_S85",1.84766238659428,0.842891097913731,0.345588588225386,-0.848951964998017,1.28835256379663,"delta"
"3rd-C87_S88",3.84903403767258,1.59546279759722,-0.0596429193939346,-0.828721380830205,3.06264563470903,"beta"
"3rd-C88_S24",3.99837616525588,2.35694176556797,0.198964092014924,-0.232049251378738,5.6798464236147,"beta"
"3rd-C91_S91",3.30392732055042,1.30757986657916,-0.158817133948858,0.105083270113506,-6.64773043572412,"alpha"
"3rd-C92_S86",4.40726529543698,1.67066854317412,-0.0559197069619296,0.380575924442566,5.66879765245368,"beta"
"3rd-C95_S81",2.37268015305445,1.34690427937929,0.067712275369811,-0.214694778650489,-4.98542029944616,"alpha"
"3rd-C96_S79",3.90912235003885,2.36525963814255,0.824794571080669,0.014059813642414,6.46488482058454,"beta"
"3rd-C9_S5",3.96642163570128,1.05396721160086,0.185969724100236,0.278298211218873,-3.38901887989556,"alpha"
"4th-61_S28",3.33185717453035,1.92689697627414,0.0651277953453704,-1.03821093314124,7.41133025688383,"beta"
"4th-C12_S19",4.20558626633477,1.18446966318183,0.46115717718931,0.589263260208058,-4.59857846749943,"alpha"
"4th-C14_S26",3.19489219280099,1.56266050653558,1.15905228756135,-0.00378371410116086,7.04097488527132,"beta"
"4th-C18_S31",3.37793040423415,0.769533266722671,-0.31245601053141,-0.0399536861498191,-5.1727866524148,"alpha"
"4th-C22_S45",3.45949971638124,-0.369259299822096,0.00980559835591378,0.222176248857808,-5.83733359609671,"alpha"
"4th-C23_S44",2.10041666065995,0.701877692499279,-0.115459121256904,0.681834814877177,-6.98048743044318,"alpha"
"4th-C24_S43",1.91559425110912,1.04144054314145,0.184470203857192,-0.287228480795829,4.54175645756539,"beta"
"4th-C26_S50",2.60722744700405,1.00930629260825,0.053674963376481,-0.839603807493791,5.31984606762096,"delta"
"4th-C27_S51",-9.9782742667264,-26.2821130497903,5.65884778704266,12.6636506193308,-1.10804089305943,"acinar"
"4th-C28_S55",2.53994840427126,2.68684416673731,0.290542080402527,0.411097711631452,6.75880627502667,"beta"
"4th-C29_S56",4.050719080168,1.10056053856006,-0.150422493172166,0.276478886628514,-5.09501200226029,"alpha"
"4th-C32_S62",2.57914910469535,0.40894653653686,-0.546712919053476,-0.570165315912135,-0.735572309503083,"delta"
"4th-C33_S63",3.94350017626388,1.11312635666801,-0.371676668497617,0.307029871508263,-5.78459050484265,"alpha"
"4th-C35_S68",3.3753534349381,1.15380203090736,0.616941342494265,0.551030842361022,-7.70082265111712,"alpha"
"4th-C36_S69",0.730672981503979,-2.55300390002152,0.217625735635599,-1.83179311277127,-2.76212397378263,"alpha"
"4th-C37_S73",3.77262959669953,1.46363900407688,0.372045101405145,0.612690359226139,-5.5723135800741,"alpha"
"4th-C3_S1",-13.0612459041692,4.60994836412041,2.74008377788387,-0.391252419550789,-0.872648795117361,"schwann"
"4th-C40_S79",3.80958161175985,0.888726305556809,-0.381993624096048,-0.26335965647247,-4.25204492715371,"alpha"
"4th-C43_S85",4.04455764327452,1.89162776569919,0.00853348529473437,0.542280033208724,-5.20901310280135,"alpha"
"4th-C45_S87",2.84252808579202,2.46456768640159,0.053366364441552,-0.921150858345952,6.95901957467706,"beta"
"4th-C49_S4",3.16207186027402,2.04703780733888,-1.4206590109816,-0.361512838846115,4.23461631475029,"beta"
"4th-C4_S9",3.58332314818091,1.29940716156962,-0.183564634482064,1.37440165998787,-5.70460428554503,"alpha"
"4th-C50_S5",3.73603548336945,1.92121827026488,-0.0677311595476742,-0.0820644517427956,-4.54408456834579,"alpha"
"4th-C51_S6",2.94251828832039,1.58641796396451,-0.137076672417257,0.335849227022198,-6.16605587418646,"alpha"
"4th-C56_S17",4.53503569506591,2.04805666408205,0.398554447519637,0.278985503794427,-4.75688206575348,"alpha"
"4th-C57_S18",-1.50411902238913,0.556000478656018,-6.39854544872161,-1.05114974053472,-4.49082803505109,"alpha"
"4th-C59_S23",3.55563829209767,1.437657673894,0.234715548561813,1.04980595091505,-3.84286211073875,"alpha"
"4th-C5_S8",2.37938614340193,1.81813598411202,-0.269599004294515,-0.206496364389563,3.86117038858102,"beta"
"4th-C62_S29",4.06168123870865,1.93106259242424,0.00296569271506074,0.114827556465044,-4.50331656833018,"alpha"
"4th-C63_S30",3.68848963027698,0.421858719373034,-0.876290988536166,1.4926296087247,-5.05715458638925,"alpha"
"4th-C64_S34",2.64110422289114,0.681548477029282,-0.28037364578761,0.634652473646996,-5.65259912698644,"alpha"
"4th-C66_S36",3.07256042576775,1.23829574595042,-0.0401303476199031,0.247408562096135,-4.81729294967861,"alpha"
"4th-C67_S40",5.30127747553891,2.62786078192814,-0.116678863480774,-0.0574374736553094,6.22192034559374,"beta"
"4th-C68_S41",4.36336120121817,1.48569274602814,0.0380244085138737,0.537814065144131,-4.47071037985742,"alpha"
"4th-C69_S42",2.67682401261926,0.222613056125409,-0.0551487692739068,1.14800933637027,-4.33524394889707,"alpha"
"4th-C70_S46",-0.539743875679187,0.98499521671799,-1.31310029110597,-0.468231798145695,-1.10615963626412,"alpha"
"4th-C73_S54",3.70839671013787,1.46772085902317,-0.968006525286781,0.930928668917671,-4.07868480902004,"alpha"
"4th-C75_S52",3.37044004147274,1.25987862418746,0.274307619671424,0.00393194580900855,-4.21178258302955,"alpha"
"4th-C78_S58",-28.6831303004882,6.63949000729073,-46.0594680604309,-3.11606825156117,-1.42330829106121,"endothelial"
"4th-C79_S66",3.876847804336,1.1202789247452,0.10520137714016,0.433443670794862,-4.69198852426474,"alpha"
"4th-C7_S15",3.05217450978061,2.09961603125788,-0.580812073466346,-0.57109439966206,7.00204129611841,"beta"
"4th-C80_S65",2.17660844680779,1.44886022243569,-0.286339851060535,-0.234894004228337,-0.962028365144551,"alpha"
"4th-C81_S64",-13.218947689789,-23.8382931714692,7.28548456087605,-20.9597913821404,0.199474582581567,"ductal"
"4th-C82_S72",2.47634350608001,-0.214477193483367,0.643552340752111,0.330792909030229,-5.06594082772146,"alpha"
"4th-C83_S71",2.36253836611231,0.653292318644595,0.275572163571753,0.161787803425579,-5.43267633813732,"alpha"
"4th-C85_S78",-0.898134538831313,0.611643206072244,-1.00365217839106,-1.38441573610798,-0.804616467987775,"delta"
"4th-C86_S77",2.52860229067138,-0.150412217451929,-0.327850055571092,0.0121540726747116,-5.81108145823342,"alpha"
"4th-C87_S76",2.58162430392976,0.457105242637548,-0.482655495810008,-0.899906502492845,-0.398350523377764,"delta"
"4th-C88_S84",2.63717609174165,1.71902137846972,0.42311310366291,0.47239277914296,-4.9534229005658,"alpha"
"4th-C89_S83",3.46109501800987,2.69830869028622,0.491950965208841,-0.162730883659049,4.82502372052758,"delta"
"4th-C8_S14",2.95022524312594,1.92439228816023,0.135596745403988,0.0498415252936152,4.45943036417226,"beta"
"4th-C92_S89",3.63966279199613,0.871346999644049,0.0642366229389149,0.0825500079769544,-5.4608513506102,"alpha"
"4th-C93_S88",2.39817088098685,2.5500382659048,-0.217460009881313,0.216440088967678,7.82072973650017,"beta"
"4th-C94_S96",1.32056623132781,0.062115104823373,0.386675249073909,-2.01040526044233,-4.69493182546063,"alpha"
"4th-C95_S95",-11.8948228316748,-23.5646636842801,6.05060074598965,5.01379740627723,-0.0416267070038581,"acinar"
"4th-C96_S94",3.94195596010012,1.3632926292464,0.169681776240263,0.532585570307668,-6.14505991985853,"alpha"
"4th-C9_S13",3.94718691254668,1.28621183746942,-0.515231980137931,0.6205370978701,-5.90213678468529,"alpha"
"5th-C10_S92",-13.1125103740718,-33.372566401942,2.25327116297251,34.3119545940588,3.54127608467637,"acinar"
"5th-C11_S91",-18.6203150906567,-22.3577530474232,1.6121960232911,-20.4941566560132,0.91277978059457,"ductal"
"5th-C12_S90",0.801017032637515,-6.44367023378826,0.950418439717969,7.05062716232009,0.225477030277272,"beta"
"5th-C14_S97",3.50686285806278,0.828975487864003,0.295257743462215,0.0913580241520676,4.76868130764466,"beta"
"5th-C16_S98",1.25090348921297,1.04020638006186,0.704269048805986,1.26692166449071,-1.51754250635694,"beta"
"5th-C18_S96",2.22726104183445,2.31320438734822,0.53397928463335,-0.635308066719766,3.65993018516375,"beta"
"5th-C19_S104",-11.2213892659728,-26.2480509898984,1.3134072115244,18.9012902857557,1.93448770953518,"acinar"
"5th-C21_S102",2.41561130077384,0.104646754208811,-0.116278413219313,1.06657243619982,-4.02236239559325,"alpha"
"5th-C25_S108",2.89551990341487,0.440457412042384,-0.0598803189472572,0.12284832086641,1.07089166155007,"beta"
"5th-C30_S105",-11.597898214438,-20.4697543628813,4.92559617852865,-9.97521631141512,0.830156221816327,"ductal"
"5th-C34_S108",2.29574007581849,-0.0193302306736747,0.860430669141053,0.342877734697784,-4.27950978301442,"alpha"
"5th-C35_S109",2.41678997476564,0.217499003575618,0.223899884733972,-0.886871296605116,-1.15021495794939,"delta"
"5th-C40_S112",-6.88807810505734,-20.8293302739332,0.300974582127668,24.8473875616466,-0.680305091366262,"acinar"
"5th-C41_S113",-8.00841664914216,-8.23900341781142,-3.20727981377878,-8.19828944366476,-1.3567491238993,"ductal"
"5th-C42_S114",-18.0597946157567,-24.9940231799791,2.59834120031176,29.1832794756527,3.27789193375788,"acinar"
"5th-C43_S121",-8.72965823858647,-20.7205148880607,3.39963078152409,-11.4879319047782,-1.00578361025008,"ductal"
"5th-C45_S123",-11.3218702063042,-29.0058760480324,1.65225190856511,26.784018669102,1.9636802176275,"acinar"
"5th-C47_S118",-11.7927974196643,-1.14346605782394,-17.7345105860069,-3.83760550051048,1.95523576439446,"endothelial"
"5th-C49_S89",1.72461113787808,0.257176867599075,0.677767065080979,0.232594682137676,4.58221886828938,"beta"
"5th-C50_S90",-11.8294661349992,-27.5334635142432,0.409729566165194,26.5033298754157,2.15247758347545,"acinar"
"5th-C54_S89",-13.9141927130403,-27.7560300598564,0.224707685363023,18.8449735479291,1.72308492216927,"acinar"
"5th-C56_S95",-9.94306196748314,-27.6662698476798,0.969697597921429,29.1709911424115,3.27633526134936,"acinar"
"5th-C57_S96",-13.0017067225406,-14.7104984021802,3.94741949716179,-11.8287458588285,-2.39752304691109,"ductal"
"5th-C58_S93",-12.2934794695998,-27.9029455712319,-0.685544066241447,23.4759017205118,2.55267281414794,"acinar"
"5th-C59_S94",-3.96505125550165,-6.73874546230447,-0.0578993001489552,2.03136266438049,-3.9119051452687,"alpha"
"5th-C5_S85",2.30512056599087,1.20342197715334,-0.101761558499635,-0.311181322087032,4.97638534980609,"beta"
"5th-C64_S99",1.97112810509019,1.08583022903659,0.925252250457795,0.634165636825566,1.08433532659595,"beta"
"5th-C66_S101",0.1526609393981,-1.30958070221841,0.0125369555882417,-0.0279881120297031,-4.00625831542524,"alpha"
"5th-C67_S105",-26.9651853044862,-19.0462795662912,-29.961890768467,27.1697019242995,1.71677284897793,"endothelial"
"5th-C68_S106",0.842767024600838,-3.04174211157265,0.655679534222262,-0.681403763450072,-5.27716760481328,"alpha"
"5th-C69_S107",-0.307622264490144,-2.49837523705428,0.00240913841945826,0.214462695028459,-5.58056364256948,"alpha"
"5th-C6_S84",2.61666591927391,1.05548235033306,-0.297137012115793,1.24579159123251,-6.96889293384327,"alpha"
"5th-C70_S103",1.31880174932222,-0.220368976794132,-0.0295455204767802,0.602075509095195,-6.51804395193312,"alpha"
"5th-C73_S111",-13.3736650078167,-27.6013481956402,0.854784000063128,16.5555492503127,3.15035513739176,"acinar"
"5th-C74_S110",0.894340650235152,-1.15594452124647,0.876220356126291,1.27319264090085,-4.72021196728952,"alpha"
"5th-C77_S107",1.70826945221659,-0.334885838252434,0.175771904134726,0.289719927300042,-2.73312669195506,"alpha"
"5th-C7_S93",0.508236086689578,-0.369335940861304,0.24845528932766,-0.0601214834739552,0.16137252952065,"alpha"
"5th-C80_S116",3.39320037375376,1.55705984387644,0.440412967732401,-0.209981938522027,3.82144060117038,"beta"
"5th-C81_S115",-12.1120826202339,-30.9197299419126,1.30625627775319,30.8012656511026,3.25073995955226,"acinar"
"5th-C83_S111",1.06766591018587,-1.51454934657897,0.816527966122073,-0.254754188139356,1.2633839850769,"delta"
"5th-C87_S119",1.54838142506081,-1.21500992387652,0.0119428965479005,-0.826508621829749,-4.69534540481021,"alpha"
"5th-C88_S117",-9.71377296592796,-27.4071393679103,1.01822256475879,29.2039956946896,2.13271874882866,"acinar"
"5th-C90_S115",2.52488143683793,0.497400341793941,0.846489875173276,0.0670840755977184,3.83870159689418,"beta"
"5th-C92_S124",1.19310607934946,-0.901519020809571,1.03652725357652,0.52524041621401,-2.46708728621603,"alpha"
"5th-C9_S92",0.745003541327451,-0.461291073504872,-0.703089327227027,0.0916758960474525,-2.48339375889749,"gamma"
"6th-C12_S18",3.71137238934219,1.79591740884834,-0.0688645489478912,0.0776368668010517,5.26650607577203,"beta"
"6th-C15_S22",4.39316841786818,1.89496079816695,-0.00539300086028878,-0.598321885499989,5.06407491568568,"beta"
"6th-C16_S29",4.17460357549711,2.22970919280243,0.313410997821882,-0.0385378426434892,4.5863642604401,"beta"
"6th-C19_S35",3.65562133323571,1.46101779702169,0.218304405526886,0.0344818724501451,4.56080709521197,"beta"
"6th-C1_S3",4.38075752711237,1.67721072038099,0.565743215384968,0.400045437939006,3.83941690304246,"beta"
"6th-C20_S34",4.27601505272016,1.65842493830142,-0.237835642791455,-0.0254797356232351,3.04650081920341,"beta"
"6th-C21_S33",3.11600214056739,0.759966218797813,0.159254740435201,0.033390269416673,-4.780301568232,"alpha"
"6th-C22_S39",4.35656433736813,2.51983343828414,-0.0612305798281058,0.175917203072,4.02230591770537,"beta"
"6th-C23_S38",3.80389268918396,2.39585162700102,-0.0931558205622051,0.0319687544742385,5.10120528685298,"delta"
"6th-C24_S37",2.77148417603076,1.23889205950538,0.0339846687915082,-1.43202053328166,2.14072555205224,"delta"
"6th-C25_S43",3.72848823906012,1.17409031101102,-0.276459133038413,0.0644102402005898,2.62058659993653,"beta"
"6th-C28_S49",4.86538794872219,2.38854681244247,0.434657972821004,0.346218085768246,3.7949621277729,"beta"
"6th-C29_S50",4.42049901557994,2.23025335585877,-0.402297913103985,0.21354022761641,6.13373063458808,"beta"
"6th-C2_S2",3.77308408608121,1.97937519144677,-0.331154895089355,-0.0937841160990581,5.49668848212325,"beta"
"6th-C30_S51",4.47804270789497,1.62272894010541,0.0556191355478816,-0.496703869955366,4.6195561308771,"beta"
"6th-C34_S61",4.03144556732954,1.26709600358772,0.419412704490088,0.78001355403089,-6.32111143967266,"alpha"
"6th-C40_S73",3.89638567082564,1.7333805428462,0.535111675796787,-0.470809912004948,4.81895847335664,"beta"
"6th-C42_S75",3.93430255984383,1.82679035046809,0.124227963355786,0.113303376922968,2.9957604245971,"beta"
"6th-C45_S81",4.66370769964604,1.09372498855599,0.574073062194222,1.10907269777206,-5.42138192816065,"alpha"
"6th-C51_S6",4.06455197940549,1.36198181304218,0.493366528059475,-0.262996979339487,4.90732724056418,"beta"
"6th-C53_S10",1.481984027223,-2.79780507760664,1.30056945117845,-3.50007803088227,-2.69498381539276,"alpha"
"6th-C54_S11",4.27638633487836,2.16219037505133,-0.16747266046124,0.259596502528621,8.51097969579284,"beta"
"6th-C57_S17",4.48212777737719,1.95371227091553,0.726860216240358,0.161531211735021,3.07428117373224,"beta"
"6th-C58_S20",4.23488781559477,1.16997485660628,-0.282467408817356,0.136537652729111,3.48079671240372,"beta"
"6th-C59_S21",3.59860832074528,2.46301573694641,-0.174141035503495,-0.448699543171746,6.1085464347689,"beta"
"6th-C5_S8",3.53746600324446,0.872958105265283,-0.143122692022516,0.227056439715029,-4.77748906435042,"alpha"
"6th-C62_S25",-10.3772498036494,4.33462762327299,1.60361357365748,-1.11473267781286,8.02114289649193,"schwann"
"6th-C63_S26",-13.4621735563747,3.1883140802057,0.2796906980936,-1.78563485699987,2.62449517187206,"schwann"
"6th-C64_S30",4.18701977251074,1.29572318141341,-0.128661585431957,-0.513918563566563,3.55807071549452,"beta"
"6th-C65_S31",4.48233862063794,0.932034129365476,-0.155368689010984,-0.0643294852263076,-7.21566028421369,"alpha"
"6th-C66_S32",4.01147945495711,2.92219747333388,0.171191214226809,0.149070883851288,7.32479005596947,"beta"
"6th-C67_S36",3.81082875249756,1.97757472160962,0.109993683932278,-0.603468472288624,3.41654727918831,"beta"
"6th-C71_S41",3.64045328027669,1.50597009719238,0.269890550289818,0.261655182272299,4.10401778185665,"beta"
"6th-C73_S48",3.82667258855126,2.4018188189194,-0.0419851114213508,-0.326385992055448,6.61392350355031,"beta"
"6th-C75_S46",3.94064730656296,2.22478577452937,0.110869243153085,-0.531630623089458,5.48276062119838,"beta"
"6th-C77_S53",3.41202522201255,2.18018135935806,-0.175407551205789,-0.0847744974399854,6.42587849128731,"beta"
"6th-C79_S60",3.79244566322425,2.65577617878886,0.560561037881712,0.0294066453149603,4.66372239707631,"beta"
"6th-C80_S59",4.31379537391807,2.30132904177091,-0.184792916664469,0.0834923286856795,4.24209300932446,"beta"
"6th-C82_S66",3.44662382736865,2.1735898754535,1.23923701902606,0.103929430140782,5.74005870359279,"beta"
"6th-C83_S65",3.01579972840549,0.807008668150325,0.692810633348404,0.586175864860563,-7.58523091411865,"alpha"
"6th-C84_S64",4.48992907078921,2.18992298760597,-0.0985072428558521,0.117894921832592,6.63084045887287,"beta"
"6th-C85_S72",2.56285388261099,1.24166071616746,0.67615112471299,-1.04291699238201,3.38304483010376,"beta"
"6th-C87_S70",2.98918397423162,-0.481780428775358,-0.0318640902765652,-0.128600030742201,-4.30772524473154,"alpha"
"6th-C89_S77",2.22259148537234,1.46810435099469,0.218105101397849,0.194673229427642,5.66248009335489,"beta"
"6th-C90_S76",4.72346015859462,1.18291170793707,0.099297420982896,0.741902010097893,3.45745873852364,"beta"
"6th-C91_S84",3.54451008804929,1.54036025739326,0.095191082329003,0.0569788538736965,2.4830425990678,"beta"
"6th-C93_S82",3.9994681964917,1.85580257524365,0.231452974216317,-0.354614008974614,3.35522659911938,"beta"
"6th-C9_S12",3.3192164189153,0.17035473741395,-0.00336389441900045,-1.18748538156799,-4.60597674197694,"alpha"
"7th-C10_S19",3.44077191349531,2.31504185809396,0.461598569805701,-0.029247160309599,6.21152529518939,"beta"
"7th-C11_S18",3.46904272876117,0.973799449875421,0.436503186505794,0.323998563499292,-8.09025366988218,"alpha"
"7th-C12_S17",4.06191603783302,2.0553945928215,0.872636166794677,-0.19539525697348,5.48756382571068,"beta"
"7th-C14_S24",3.25676439884406,0.58755798154359,0.296809211141146,-0.615983305184281,-5.49202868530423,"alpha"
"7th-C15_S23",2.68182589950431,0.681267517731485,-0.215839645517324,-0.711853765497789,0.0143308016931176,"delta"
"7th-C17_S29",-0.0334392972894624,0.75043202170035,-0.646395901125194,-1.05846738445633,-2.57534738032578,"alpha"
"7th-C19_S36",4.40701333988535,1.90497885722816,-0.00424053139073032,-0.157523857230494,3.73574509155779,"beta"
"7th-C1_S3",4.93660727243451,2.29726793545168,0.337094977256677,-0.192757069410125,5.93494494905684,"beta"
"7th-C20_S35",5.09044402636625,2.22832960529054,0.0969315361382324,-0.200113508366575,5.8531540756787,"beta"
"7th-C21_S34",4.80377234676704,2.12314405139934,0.0909679061264332,0.0814859808757295,3.46964773824424,"beta"
"7th-C24_S40",2.78497127635301,1.9737645289182,-0.104287563458537,-0.0409311828984343,-1.25851058237637,"gamma"
"7th-C25_S43",4.3939976177916,2.12346607748847,-0.0455757684404504,-0.591493216448192,6.18178734052181,"beta"
"7th-C28_S48",4.413320764046,2.5024410071028,0.632789648938592,-0.364482311264937,8.03188480439716,"beta"
"7th-C2_S2",4.56550451848724,2.34749339080486,0.048189369838539,-0.133911962309322,3.44687742060517,"beta"
"7th-C31_S53",4.26476943039864,2.15368566563786,0.158898548641652,-0.507509543924256,6.47538801048798,"beta"
"7th-C32_S54",3.64362843480993,1.02124089190584,-0.495167110739953,0.811862745558826,-6.20644393614167,"alpha"
"7th-C34_S59",3.10766658358802,0.444893132012382,0.0891053846917084,-1.04229400261528,-4.74108120038526,"alpha"
"7th-C36_S61",4.33260775273049,1.50591922242307,0.0038274267238795,0.509645540653375,-5.58892477072329,"alpha"
"7th-C3_S1",4.26132810780312,2.08772408104842,0.0924524807844022,-0.305523193751106,6.4573909070053,"beta"
"7th-C40_S70",-10.0604631259332,-0.220345891048091,-2.65909664843714,-3.77279773008348,-1.93443171480067,"macrophage"
"7th-C44_S76",-5.36742771365411,-4.64294493372007,-1.68285442485217,5.25354867560032,-0.78708902151905,"mast"
"7th-C45_S77",4.27710569800747,1.55131108622819,0.28591738196343,-0.350779447733514,4.62699708308415,"beta"
"7th-C47_S81",-2.79132153120769,-9.72035819017208,1.94317114559417,-8.16326777393834,-1.75299380794206,"ductal"
"7th-C49_S4",4.12256466721044,1.34259277319332,-0.14936968911668,0.062032388597675,-4.6580182738266,"alpha"
"7th-C4_S8",4.7787452534573,2.2479300967966,-0.285081016435993,-0.20466619530686,7.3457110321303,"beta"
"7th-C50_S5",4.24834349286289,2.10534302724863,0.191518231274217,-0.556877559262468,4.18908442214115,"beta"
"7th-C52_S9",4.60994059399533,2.11487013505985,-0.341986727220523,-0.349931886918884,5.5658739938065,"beta"
"7th-C53_S10",4.21497233125926,2.10269632667481,0.338625617749227,-0.0667948361982092,4.82430940269746,"beta"
"7th-C56_S15",4.34601615460459,1.64837980031931,0.195814674696294,0.493692256026998,-2.05138085431147,"delta"
"7th-C57_S16",4.62304681926816,2.20024742628876,0.418447219976978,0.221873534266863,6.06889425722697,"beta"
"7th-C58_S20",3.69150429662347,1.38637397539161,-0.0720591796496869,-0.0496108047478568,-6.84295908946756,"alpha"
"7th-C59_S21",3.84392866643712,2.24468714473767,0.0339934025294019,-0.766229349485164,8.20568476606103,"beta"
"7th-C60_S22",4.43900491913005,2.06310203896088,0.556632457354922,-0.496030892229022,5.96816609934822,"beta"
"7th-C62_S27",4.30111406588997,2.24303297416112,0.0141154262751145,-0.300006192073703,2.44589183604583,"beta"
"7th-C64_S31",4.62595323846519,1.84406111252525,0.529782467645116,-0.787105988016686,6.27455220934679,"beta"
"7th-C65_S32",4.79359536293219,3.21052691156512,-0.339512481852769,-0.120293695389933,6.50918820281942,"beta"
"7th-C66_S33",4.08057396709087,1.94930546680834,-0.243033441241407,-0.174791553158875,5.63636383193996,"beta"
"7th-C68_S38",3.44700725451742,1.22731555036586,0.0558757202589046,-0.442971804416879,-1.72130387499736,"delta"
"7th-C69_S39",4.07770212390523,1.10318948132619,-0.277257381453397,0.358256681286998,-5.06112591048786,"alpha"
"7th-C72_S42",2.62279733240251,2.05929472580689,-0.288380614206338,-0.510579339290347,2.14798321234981,"delta"
"7th-C73_S47",4.50388726633246,2.31885484654277,0.0211855398865037,-0.0442380622171698,5.09568880121914,"beta"
"7th-C76_S52",-22.0366403971706,-24.2867802827895,4.80672823712452,-23.2498934299259,1.54468143275529,"ductal"
"7th-C77_S51",4.00848288535557,1.65767013043825,0.426691897164295,0.196457818767402,5.27587502303416,"beta"
"7th-C79_S58",3.92034256964822,1.50466235622697,0.0421556511069351,0.270850116184961,-5.29032577846889,"alpha"
"7th-C80_S57",4.74010853710402,2.65776824447979,-0.408009993404036,-0.325222426852727,5.70304130881381,"beta"
"7th-C81_S56",-9.36397793045339,-14.8742633971879,3.30404126018916,-13.3118602409728,-0.0754525105095879,"ductal"
"7th-C82_S64",2.96493195240893,1.0436564273776,0.673168376620386,-0.18953340725977,-0.570258481862438,"gamma"
"7th-C84_S62",3.33515839570745,2.54234784487537,0.0294089255555734,-0.807350976761458,7.06303939460306,"beta"
"7th-C85_S69",4.2799584347815,1.52179891419395,-0.0329773165981541,1.06796247236431,-5.54697658834771,"alpha"
"7th-C88_S75",-3.28390318796466,-8.48337722613724,1.47086983035447,-9.66806149057366,-0.671003005063087,"ductal"
"7th-C89_S74",4.34882309784303,1.34813563624762,0.0245153566375585,0.333972270726193,1.63432645413452,"beta"
"7th-C8_S13",4.57134576312481,2.21657648260298,-0.122373240558936,-0.101575314173147,4.97653791201255,"beta"
"7th-C90_S73",3.91294317804442,2.53868086365194,0.32541705557134,-0.00434658446281634,6.8591782626205,"beta"
"7th-C94_S83",4.28744084482447,1.57703321172694,-0.0277082719441505,0.564870611320439,4.12852463004524,"beta"
"7th-C96_S82",4.52022499176965,1.73791939502281,0.691136012496799,0.346835657389772,5.77462884155923,"beta"
"8th-C10_S100",3.2095985609173,2.32971204516435,1.15617497635962,0.167717282542177,5.51176891293358,"beta"
"8th-C11_S99",2.62663151028764,0.777012962584047,0.242310043418443,0.627195608605991,-6.93165967677035,"alpha"
"8th-C18_S110",4.18618055196127,1.55557865846429,0.851424838026022,0.8389118761673,1.11468782913771,"beta"
"8th-C20_S116",3.85185462006151,0.971034454553558,0.364255807278268,-0.190091491430053,-6.61462480996993,"alpha"
"8th-C21_S115",4.09618660292779,1.01652639631638,0.471476231352818,0.0301323533576014,-6.09825960559786,"alpha"
"8th-C23_S121",4.1655530744307,1.29891402707751,-0.076963513432945,0.185158767692796,-6.50542458920263,"alpha"
"8th-C24_S120",3.86465030495333,2.71586527734082,-0.152058441452502,0.0823080089994984,5.49282151284764,"beta"
"8th-C26_S126",3.77962769639333,1.78458892830121,0.0297676408340596,1.07956219762623,-6.15794630754466,"alpha"
"8th-C28_S131",4.07646115254212,1.3087117983123,0.0406313825844022,0.878874233988648,-6.49286886808352,"alpha"
"8th-C2_S85",3.42341088349376,2.58166713677754,0.347033279487943,-0.356304925561423,7.66877078419591,"beta"
"8th-C34_S141",3.3033535475746,0.919025439996879,0.270862483201732,0.595452975846325,-4.73092699699933,"alpha"
"8th-C37_S146",4.80188092384803,1.39486305978634,0.302095507030116,0.700663578458962,-5.09020883950033,"alpha"
"8th-C38_S147",3.85216294057369,2.59946132900052,0.133465023476331,0.734730143386338,4.66121189708545,"beta"
"8th-C44_S155",2.84107288552738,1.7372080307308,0.090594277616409,0.640030490331591,3.06174950462591,"beta"
"8th-C47_S160",3.54997835316971,3.16608317368505,-0.220344332345388,-0.608656977164256,8.12096619054754,"beta"
"8th-C55_S96",2.85406432257987,0.175277605063619,0.165926848044882,1.09551722506571,-4.60965839991341,"alpha"
"8th-C57_S98",3.39638595385183,1.19032674084372,-0.8139426387615,0.0465481784446369,-5.31771831225962,"alpha"
"8th-C58_S101",3.4650971021062,1.29475443522976,0.103333493352619,0.206104653487702,-5.13641719656912,"alpha"
"8th-C59_S102",3.86389747138066,1.55802043512356,0.273367052736601,0.836316218186523,-3.66986788132124,"alpha"
"8th-C61_S107",3.36632832655877,1.85802491525208,0.140659232560766,-0.322042522947073,4.19316537234517,"beta"
"8th-C64_S112",3.97429795406611,1.25290921376265,0.304062010950992,0.413518026039247,-5.03523573616413,"alpha"
"8th-C65_S113",3.08844517234072,1.77570295754992,0.211012266604981,0.27619285008456,4.35958031887015,"beta"
"8th-C67_S117",-22.5704071133462,-27.4899003458887,5.08204157653735,-24.3627527953645,1.52935971130893,"ductal"
"8th-C69_S119",3.15570040002636,1.65582190005426,-0.076330894147493,0.158853243061489,-2.11542980464636,"gamma"
"8th-C6_S88",2.87176954873571,-0.049841423856119,-0.249558594120194,0.0263356942799265,0.633148715311255,"delta"
"8th-C70_S123",4.3151564009796,1.86608266379312,0.277311727129719,-0.257495101737322,5.23994469131753,"beta"
"8th-C73_S130",-14.106041254724,-22.7842282248022,6.50607272422195,-25.4908105759384,-0.104835165073325,"ductal"
"8th-C74_S129",3.67897787228216,1.25579480003688,0.238480065649294,0.431664143385965,-5.65518111278686,"alpha"
"8th-C75_S128",3.95099853737252,1.56705369899718,0.707764064094917,-0.0376756539955626,6.0573860031472,"beta"
"8th-C79_S140",3.05540355521712,0.400024698795082,0.808988712173783,2.07042496447083,-5.43397596411984,"alpha"
"8th-C7_S95",2.73635489027527,0.368528243947756,0.474621058923142,0.0680859269466291,-4.22912305187057,"alpha"
"8th-C84_S143",3.90830042111779,0.728393442810728,-0.0235235335659483,-0.6340646026747,-0.806508558660245,"delta"
"8th-C85_S150",3.92047048506375,1.24622866872753,0.277852664662908,0.0342713245052761,-5.60519187920383,"alpha"
"8th-C87_S148",3.91373381850936,2.4025567938619,0.394236303190515,-0.875520316944556,5.69730935214279,"beta"
"8th-C90_S152",2.97481803600056,1.54828314601214,0.291653861657912,0.168853244241772,-3.96551608632604,"alpha"
"8th-C91_S158",3.9418390093315,1.98576253291679,0.0755965161630086,-0.017566134915639,-1.46399240521967,"gamma"
"8th-C92_S157",0.41291274449359,-0.216802302691909,0.371819746662634,-0.640039970296942,-0.483911422692032,"gamma"
"8th-C94_S162",4.03672974464543,1.12542192236135,-0.124921980791527,0.0731285024533573,-7.27789593221574,"alpha"
"8th-C95_S161",3.35319140592938,1.68287627444175,-0.381531450631525,0.606175733109934,-6.21011132525687,"alpha"
"9th-C10_S18",2.43899025350965,1.55487751456574,1.25473795156261,0.52341015562464,4.19182069578851,"beta"
"9th-C11_S17",3.93314450088148,1.63385895774432,0.193912462686941,-0.501068177409791,5.03470597522645,"beta"
"9th-C13_S24",3.40759773431423,2.04734878819216,0.143714949545556,0.0921446712777319,5.80699508025811,"beta"
"9th-C14_S23",4.26762161631137,1.54099330856656,0.229690979764871,0.386369297332148,2.45346476857173,"beta"
"9th-C15_S22",2.93806613263713,1.13863386904704,-0.0526478934283288,-0.492912659695847,-4.95256599468853,"alpha"
"9th-C16_S30",4.16466889625557,2.00127127706716,0.349837929445437,-0.430114764084187,4.39347636663507,"beta"
"9th-C17_S29",4.29833819571107,0.67368350550364,-0.103384143807072,0.633582741432176,-5.83574564220022,"alpha"
"9th-C19_S36",3.9622084962412,0.972169588095395,0.646728624278991,0.39098380065341,-5.4110583925561,"alpha"
"9th-C1_S3",3.51438838432254,1.43606049561909,0.186368572132126,0.696508734012031,3.57065978750015,"beta"
"9th-C20_S35",4.21018434167118,0.999363582296833,0.188475298025406,0.503377024341842,-6.09733648378075,"alpha"
"9th-C22_S41",-11.7423395193711,1.58420512785176,2.18057483050511,-1.04559354759911,0.0817014703568744,"schwann"
"9th-C25_S45",4.06813083304871,1.74661984123107,0.22342369068152,0.829609747149365,1.92486528412695,"beta"
"9th-C28_S50",2.83514308046942,0.286826237049111,-0.0344533176643782,-0.495441758363584,-0.632780235762275,"delta"
"9th-C29_S51",2.08763281960049,-0.228693726056205,0.192824711322615,0.653693416608806,-5.4718992917001,"alpha"
"9th-C2_S2",-54.5002099708231,29.3414277916363,21.7769758274669,6.54079766435108,-0.249033978830557,"activated_stellate"
"9th-C30_S52",3.89315655453691,1.25206669818132,0.504010858337941,0.704651669513786,-4.38940914119102,"alpha"
"9th-C36_S59",-37.5560622127349,6.52533177922555,-55.4978996822165,-4.02434516639745,-1.73503521782539,"endothelial"
"9th-C38_S64",3.85872125373429,1.8455084402169,0.334830884115764,0.375586594673302,4.01764720864735,"beta"
"9th-C3_S1",3.18102141936293,0.786983380003128,-0.275523832195422,0.305479774219819,2.37616284470198,"beta"
"9th-C40_S69",4.35616099212059,1.3961434446042,0.116146392991016,0.234834086373366,-4.47686260673873,"alpha"
"9th-C41_S70",3.41737973716587,1.14563394446842,-0.102238814267828,0.0433392097166143,4.42793224527066,"beta"
"9th-C46_S79",4.07828865897265,1.80453859979911,-0.248024143889268,0.314705123251169,3.10249523369892,"beta"
"9th-C49_S4",3.14470412939187,0.498393030156334,0.0889988580471344,0.705706612528981,-7.39101977291709,"alpha"
"9th-C51_S6",4.81166174510987,2.41574287320689,0.496902314338816,0.628423725061528,5.39421661017371,"beta"
"9th-C52_S10",3.17228025565752,0.981157268595246,0.245474782229003,0.195065873806219,-5.01420959486564,"alpha"
"9th-C57_S16",2.57294611158744,1.56835617512056,0.133492022668842,0.719605756475987,-2.79589165959102,"beta"
"9th-C59_S20",3.59752531592074,2.26125810932805,0.260676126867487,0.244515452090867,3.64162114707674,"beta"
"9th-C5_S8",1.41607953811835,1.03717562683808,-0.0881466841935874,0.321489547663935,-4.89486693712671,"mast"
"9th-C61_S25",-21.5733759529872,-29.293876270845,6.21171833511787,-22.1492029890093,1.05720043313346,"ductal"
"9th-C62_S26",3.22542246425181,1.34402522395554,-0.314977226925843,-0.0164767326801268,-4.92022064208145,"alpha"
"9th-C64_S31",4.15104798807034,1.53998946190449,-0.0748288569767773,0.881093358267072,-5.16618858658546,"alpha"
"9th-C65_S32",4.36865612861171,1.76625440201132,-0.255363032533488,-0.0103540408405054,6.48879363908096,"beta"
"9th-C66_S33",2.44475643481353,0.662339496309117,1.16598752196142,0.763053079998735,-4.5756195738614,"gamma"
"9th-C67_S37",4.0319435161641,1.06044867536522,0.23492849157912,0.489189026352681,-5.63402263873149,"alpha"
"9th-C69_S39",4.42459715007569,2.00401233180334,1.06789979457883,0.616468776835077,5.33225257321224,"beta"
"9th-C6_S7",3.28534632237949,0.779219853988523,0.110498257400685,0.565813294349408,2.45854944847327,"beta"
"9th-C70_S42",3.30166858219618,0.700968865309309,0.125854008759399,-0.33783275219281,2.78445818216339,"beta"
"9th-C74_S48",3.60706103331791,1.34239454009937,0.299055905658475,0.164915600058687,-7.72374598532115,"alpha"
"9th-C75_S47",3.07900684564308,0.663526366804632,0.743420418132744,0.345882554342588,-4.25634521675687,"alpha"
"9th-C77_S53",4.20008226059616,1.06871583873401,0.0140806797463274,0.749313014770939,-6.02673770409215,"alpha"
"9th-C79_S57",2.30983599810442,0.428251966365628,0.97730123689209,0.82101751017384,-2.06906582219848,"gamma"
"9th-C80_S56",4.00235009718996,0.967219729835877,0.070972454363086,0.859160175659055,-5.70154595713778,"alpha"
"9th-C81_S55",4.34218855153507,1.88339835055651,0.595436139806711,0.574126756635384,6.08290854366932,"beta"
"9th-C83_S61",4.00602261382041,1.68434426727692,0.15405898250385,0.816674611038503,-5.52238843207718,"alpha"
"9th-C84_S60",-1.36971624553017,-3.17304928172662,1.74757386902695,-1.86390614192444,-3.21912449556247,"epsilon"
"9th-C85_S68",3.64485666970803,0.926749056276338,0.452333482984111,1.05998742303208,-5.00699570056404,"alpha"
"9th-C86_S67",3.07655495951363,1.32259119512369,-0.796162491378928,-0.385952644916055,4.16747706576773,"beta"
"9th-C87_S66",4.22882460921178,0.651295566516411,0.273749761629442,0.0823150296908748,-4.61016267225347,"alpha"
"9th-C88_S73",3.89325072648477,1.385705379345,0.303704653463167,-0.209528856052358,5.80476577618515,"beta"
"9th-C89_S72",3.14849911638062,1.64641436392616,-0.63374944596906,0.354589977902431,2.89060625709754,"beta"
"9th-C8_S14",4.48382948537883,1.00786928908795,-0.0876008564756718,-0.107788722220687,4.39261403589707,"beta"
"9th-C91_S78",4.42629672953024,2.29472131820012,0.202955235949832,0.703182684535454,2.05197228348857,"beta"
"9th-C92_S77",4.39774276140341,1.70811548779073,-0.325215541866563,0.719903342818754,-4.50358103093599,"alpha"
"9th-C93_S76",3.68532765520404,1.03860406352322,-0.254906643181887,-0.00052339508223342,4.78065197403683,"beta"
"9th-C94_S83",4.73477777603313,2.1879681070153,-0.430696873123632,-0.365564206727231,4.72407613916717,"beta"
"9th-C96_S81",-18.7903822137774,2.16745488693753,-23.1135731834131,-1.20294802987455,-0.336214273332442,"endothelial"
"9th-C9_S13",3.46093313460983,0.767427548084034,0.0294640403471137,0.84173040291812,-4.80589563521792,"alpha"
