"PC_1","PC_2","PC_3","PC_4","PC_5","CellType"
-23.4016444991664,10.2911640509419,-17.3756715325907,-5.01003452094455,-0.688645820141781,"ductal"
-17.2389237814,12.1874107743794,-17.2345806047977,-4.75936302578852,-0.998831602424877,"ductal"
-13.3397912835053,8.49372390526037,-14.6055227197074,-5.77820946665754,-3.41562336979124,"ductal"
-22.1263266661755,8.04831907910023,-13.3958147516691,-5.61826965753749,-2.24224008325579,"ductal"
-13.4941077486706,10.5477184404346,-10.6814706830193,-3.8811351488771,1.31171396585329,"ductal"
-17.1185964082273,13.721924129601,-14.4113529894984,-5.10077043598397,-2.37509078291299,"ductal"
-25.96748894227,19.5843848071547,-21.797244285903,-5.86753739589881,-0.139835357721972,"ductal"
-20.5033755326423,11.3549580051827,-15.1186770010673,-3.74270234690963,-1.66848344917554,"ductal"
-9.4379413160421,4.99926239234525,-2.09049038062691,1.42953402309934,-0.689493036674599,"ductal"
-20.2885242025755,13.6595381639181,-16.3386015068005,-4.8187655315224,-3.07548597660094,"ductal"
-19.8259159099243,11.9408510340386,-13.8078302661528,-3.54420999293898,-2.78194672461282,"ductal"
-20.8290696209637,9.83418631169914,-10.6628260637799,-2.82734891112146,-3.5449576485202,"ductal"
-20.1953671469226,12.7973183576341,-11.027025298099,-4.00087676950219,-0.849400176048422,"ductal"
-9.64031288106816,8.63275570246839,-6.83445021668601,-1.78119957674307,0.133475953270714,"ductal"
-21.2788908301694,9.00875327076749,-10.155309928656,-3.87495266555524,-1.52592711699404,"ductal"
-8.53581081120662,7.0011230922603,-9.9396109109672,-4.14161599700758,0.164753970688102,"ductal"
-18.9601090410362,8.65447836600927,-8.69181134631213,-0.865000419318281,-1.44107901730906,"ductal"
-17.8376245589008,11.448903372335,-4.88709913118917,-1.11522318702707,-1.44867288017748,"ductal"
-9.9975580539669,9.78318332914337,-7.4083187427902,-1.7953056326784,-0.733406988946043,"ductal"
-17.4648777114899,16.5766932290866,4.50394877196223,0.0186119303171124,-1.41340697847601,"ductal"
-19.4288001176484,17.5584489718575,-3.40743046382307,-2.57447722989153,-1.41601376351792,"ductal"
-23.6835281784762,13.7158687858798,-13.1141208401541,-3.53021600110871,-1.38738214551292,"ductal"
-9.13094195381276,6.0607083684213,-5.84804736202343,-1.04167108508188,4.20851453550364,"ductal"
-17.7303752725885,15.1128488955884,-14.9611211181791,-6.05186436804124,-1.83391403740439,"ductal"
-18.9250828504212,13.879585192888,-11.8670314924145,-4.19314626009721,-1.13008985834287,"ductal"
-21.3458594898936,15.4874886624644,-12.6026316123817,-2.94239233668131,-2.1642143845336,"ductal"
-21.4167539574989,15.833103220022,-17.4658461404138,-4.70805023805339,-3.35457495339129,"ductal"
-21.0606479691779,13.4313761361257,-13.1476278896738,-4.29145995115879,-1.82902661734967,"ductal"
-15.5095290515015,12.2355568689735,-10.0339841090967,-3.12070152542719,-1.5569377931981,"ductal"
-14.7110477440917,10.3428186187505,-11.6340194585185,-2.50474890264815,-2.38449826579697,"ductal"
-23.3614335751685,13.2479494928693,-13.9922515416217,-3.71240989118616,-2.11538837520946,"ductal"
-14.8919713782006,14.0746678530586,-13.2688718171923,-2.91345601831522,0.545652074077554,"ductal"
-11.5312792231689,8.14094958279268,-6.24363487590353,-1.36243526804047,-1.02295976798097,"ductal"
-15.5953303249566,10.5496552333685,-10.5923992140021,-3.75729714036419,-1.53080915688452,"ductal"
-7.91208691717509,6.82469415811106,-10.5621185916894,-3.26602432234596,-1.42305486918836,"ductal"
-18.0351723347322,15.1579873390892,-14.0254505091676,-3.91098366567641,-1.32492115012497,"ductal"
-15.9582933448978,10.7939586282522,-7.83720681979134,-2.04491811504107,-1.72315789475195,"ductal"
-21.6680866813399,16.9573361228083,-20.0824810222175,-5.48547582605195,-3.34799995262061,"ductal"
-18.2299110752369,12.5294717453527,-14.2924837743521,-5.02002588338232,-1.98607836656005,"ductal"
-15.5265811223506,11.2780579139448,-11.5638131307518,-4.3558790881472,0.653681780235007,"ductal"
-8.45620937278658,6.04854604334773,-5.73714849555757,-3.00050804369274,-1.29518456018819,"ductal"
-11.7003321414635,9.65698767864869,-10.2725829500268,-2.40009659411544,-2.22483087542894,"ductal"
-18.1168892911035,14.2520732792114,-13.6963746647799,-4.89917448529996,-0.608518172286322,"ductal"
-2.35244068563847,0.98109230238208,-5.17390888048911,-2.50397849474076,-1.75436983377513,"ductal"
-23.1229672312727,11.3792285026821,-14.9006312402354,-4.82876072907999,-2.18637711263751,"ductal"
-17.2678539938713,13.8673860180844,-9.27195846602448,-3.7224523340632,-0.400493411656608,"ductal"
-9.63408403561727,7.70271592622038,-6.29671860498,-1.23454459100194,-1.09166607237742,"ductal"
-21.3066035208837,11.3047015605385,-12.6333802765053,-3.5538299884659,-0.225263841671059,"ductal"
-21.7786952538893,13.6933949993382,-10.2032965704675,-3.48336154959563,-1.16929112088242,"ductal"
-18.8575910822149,13.587971541574,-12.2170976541542,-4.33582624208608,-0.914076088385449,"ductal"
-15.1658633813492,10.7767896401354,-11.9125898366065,-4.10145618588085,-2.775570086636,"ductal"
-17.2161315725921,14.0765695909443,-15.0851621608448,-5.3696615692988,-1.15687243787727,"ductal"
-16.3440275879439,12.0008660593504,-12.753283093302,-3.87153862436489,-2.51176488018065,"ductal"
-20.72272815393,10.1354691553752,-13.2436732256109,-3.65776623287836,-2.25771941307849,"ductal"
-14.5946897127923,12.9067456742863,-10.5858819273395,-3.78840576600216,-2.22016063228352,"ductal"
-19.3162993106374,11.7627056711245,-10.6807086110804,-4.22273548375332,-1.73920245689673,"ductal"
-14.1618963830685,10.077962507361,-10.8544651283394,-2.8984397951012,-0.174554103432786,"ductal"
-11.2996168571596,9.68179374520867,-13.7426805406072,-3.37463705681792,-0.642656029240361,"ductal"
-9.07153793693196,7.78742889403968,-0.5889278942063,-0.846061977942382,2.39793065476541,"ductal"
-11.1105072957447,11.2020440607055,-10.8825216172896,-3.42680512479047,-2.23802178106967,"ductal"
-21.4470493925165,11.5409462890521,-10.94240432496,-3.9487453291468,-1.40314291091075,"ductal"
-8.68455369091746,3.73636734375706,-5.30280511794314,-0.69417520943841,0.448529725695258,"ductal"
-22.7759206614867,15.207402988951,-19.2812117318159,-4.77280474331529,-2.22686641570841,"ductal"
-22.0893091378584,13.0345733382891,-12.483508712581,-4.49290241056835,-0.0741317350573506,"ductal"
-19.4949754226609,14.2744496880662,-11.8873425985188,-3.59124583940958,-2.01045933300131,"ductal"
-19.1544945197601,16.3242200252897,-14.2472164891222,-4.79239070377529,-1.9739912340089,"ductal"
-16.9363734777382,12.016024478047,-10.0057059488898,-3.76296692061809,-0.483632306668176,"ductal"
-22.6838461958188,13.175889560367,-11.2710732922076,-3.2509878352032,-0.751539190225011,"ductal"
-17.9801326790937,13.4350074776112,-13.3138899932134,-3.99801430524691,-2.96861330832733,"ductal"
-21.6268393791368,14.013959464137,-12.8059158094579,-2.28725206924045,-1.90256299945867,"ductal"
-20.2584984779612,15.3017119855295,-16.1124536454971,-5.11633252689143,-3.08874605683441,"ductal"
-17.8908575167973,11.5381615805809,-12.8174604083044,-2.89676860845862,-1.76628566599183,"ductal"
-22.130079719076,11.4038476795354,-14.0175598861539,-5.49554037049965,-0.172019546800215,"ductal"
-19.4951853512887,13.3567513774719,-12.6789055978861,-4.32216703899971,-2.37989968451676,"ductal"
-20.1166719781987,12.7809945138135,-12.6893245027211,-3.61697180256975,-1.87304936157583,"ductal"
-12.7435555601312,7.48453287924921,-6.51829920410419,-2.26719883492289,-0.591648117824921,"ductal"
-21.0880738732646,12.2699856296596,-17.0535183066156,-5.01523442352024,-2.78220799143451,"ductal"
-13.8426400432115,-10.2047262863429,-3.07355559650325,12.5891849530651,-0.077224707320848,"ductal"
-16.4751282982169,12.0737960131325,-9.77557212098848,-3.75978025763039,-0.659326925904962,"ductal"
-22.9203182649267,12.1194042272327,-13.1683112488082,-3.67433009902266,-1.30705549119255,"ductal"
-15.9365094341242,11.5895944055568,-10.5662316330512,-3.60352058662794,-1.39532952653664,"ductal"
-11.9387167835116,7.10980033356617,-7.85170476557915,-2.04696475269307,-1.33663992559842,"ductal"
-15.0300270555264,10.7600334663078,-10.1095786886863,-3.12052846214203,0.612870363686165,"ductal"
-19.7745493210609,11.57679662137,-13.1453620581542,-2.73906855167327,-2.42541477765359,"ductal"
-23.0162105579913,13.4878810394212,-16.3514540087375,-4.4190274857088,-1.45350358388398,"ductal"
-22.1023599314685,12.0264892933994,-11.793220819902,-4.13238244302079,-2.37578227536018,"ductal"
-13.2105663621229,13.2883424690481,-8.36937351470066,-3.10350777209735,-1.40351959955027,"ductal"
-15.6826272725635,12.789468275669,-10.8571190260672,-3.16506444493849,-1.17218062249105,"ductal"
-20.1457252272254,13.8081302706938,-6.11142519313966,-2.66052070535671,-1.13969615510168,"ductal"
-9.22506069911709,5.82871081188163,-4.97701539709494,-0.434195944334782,-0.371442905144533,"ductal"
-16.0158553633837,9.680730597348,-10.642222837971,-2.23448894610142,-2.20309321041221,"ductal"
-19.0279778655312,15.2025190446919,-11.4865705057493,-3.09105143475481,-1.67686104844714,"ductal"
-11.6009156535496,11.5180187768835,-10.9872049158717,-3.19741048848331,-0.743617711240508,"ductal"
-20.8577541796742,6.1746994701044,-9.88166758367631,-4.28392581560774,-2.38938147720861,"ductal"
-18.1630349256172,10.3954140265982,-11.4826653429215,-4.78506505610934,-0.24164049419585,"ductal"
-19.2241925243899,13.0686212646699,-11.7354211372955,-4.03240543437998,-2.48239502437736,"ductal"
-15.9304241173341,13.5511396489432,-14.4881340849841,-2.637342207974,0.109327102806194,"ductal"
-15.933230809046,13.3340729608511,-11.020043273083,-4.23024402062525,-1.60497393814287,"ductal"
-18.4130725410217,11.1556666532328,-13.8327576200238,-4.3763379245471,-2.85260329912276,"ductal"
-12.6000208278844,7.378794400469,-9.8185509639875,-2.55486975352501,-2.74552217774121,"ductal"
-16.801946696059,11.106981333238,-10.549153384166,-3.47781278532642,-1.58928917687256,"ductal"
-25.5952433258031,8.62540626960196,-15.6113044216223,-4.23451851675007,-1.77620947228978,"ductal"
-26.0134507238896,14.3232985343346,-16.5360166296404,-6.7506057297926,-0.695312463414695,"ductal"
-14.2740519306295,10.5614761866319,-9.9869121809011,-3.78207134400189,-2.21659240992782,"ductal"
-15.3940215957151,12.7230920745831,-10.6728211478137,-4.89670153195924,-0.755529292239194,"ductal"
-8.80198332833721,7.11147892049295,-6.14588547637094,-1.46162704792546,-0.906712770198407,"ductal"
-13.1101293808816,10.7878491402734,-6.94049716091338,-3.02110810475871,-0.357139796487692,"ductal"
-14.7872837193894,11.8375086946236,-13.0875776119424,-2.98207854744875,-2.09647922929673,"ductal"
-6.02852181626915,4.3618137785906,-5.75990082961882,-1.74186772860056,-1.19020092085011,"ductal"
-20.9628187060398,15.6469861604548,-18.1686410975752,-5.3821487455316,-1.32194034621075,"ductal"
-12.200856271497,10.2066647652673,-6.28362329581868,-2.13893416942327,-0.401646274588568,"ductal"
-11.1983137084765,8.49922506073066,-7.32850669094731,-2.35888496407599,-2.63273110322219,"ductal"
-11.7530596426764,10.0510986309688,-8.26473479822983,-2.67305228132598,-1.29982824258315,"ductal"
-15.7063101078477,10.7775744754309,-8.42965283637769,-1.55941107575124,-0.690269369366443,"ductal"
-20.4902729293272,14.5168987996351,-16.2940473986622,-5.48890897830194,-2.14182027536943,"ductal"
8.20010294850167,-1.95755476560801,-1.12103526318122,-0.685975885759362,-0.730915943882674,"beta"
7.74291799865603,-1.9334705949566,-0.316399244233128,-0.0778053867162983,-0.912216055146084,"beta"
9.34676078115012,-3.41736096981108,-2.79152628664101,-1.28716462167539,-1.41690240801368,"beta"
6.67806389659794,-2.51806405455359,-0.418569212789571,-0.352334856564392,-0.24437269793489,"beta"
1.42722568629432,-6.74148225582382,0.558054661539075,-3.66475261855688,-1.1390529608409,"beta"
8.34377897897396,-1.89279392540998,-0.209664100049012,-0.729951222026718,-1.26926933935615,"beta"
7.15193738002374,-1.27413241488167,0.565077933630169,-0.0200760648486138,-0.794693849707061,"beta"
7.56588655159387,-2.1333474159921,-0.941019071141363,-0.476527470534917,-0.86725089141498,"beta"
5.70677960422718,-1.22249622730446,-1.11472881744822,-0.839192140233315,-0.385796803958557,"beta"
8.8008829160281,-2.9920986262503,-0.224488471395257,-0.907091262031782,-1.08802304142547,"beta"
9.32933545969821,-3.80587564289869,-3.79176004928864,-1.59926105312826,-1.64553737614658,"beta"
7.48313929410019,-1.96214162855908,-0.3453711565707,-0.678717724616898,-0.649661676775223,"beta"
7.09841637172238,-1.3919959958663,0.467408465838549,-0.273364028266087,-0.261903751154964,"beta"
7.95705576380213,-2.60374688014714,-1.12466927896357,-0.72805920030787,-0.960902279644296,"beta"
7.69527316454132,-1.55111959538211,0.143496262917082,-0.0371949225291182,-0.502061074038344,"beta"
7.37987091950916,-1.53372559787777,0.633528935016935,0.156252425480813,-0.863422574830172,"beta"
9.21302803333366,-3.17129432882019,-2.5312465382343,-1.3845029753971,-1.47290772003979,"beta"
7.39148158120539,-2.95818061601009,-2.57034317321008,-0.936663123764245,-1.39562504067274,"beta"
7.25825617923082,-1.71604075508737,-0.567630999409915,0.0238833351275802,-0.847285584760633,"beta"
7.77399141033264,-2.76751308984722,-2.63802121124323,-1.02889138166048,-0.764536459313143,"beta"
7.76901844139109,-2.74206835938236,-2.44875025720457,-1.68886282788305,-0.787465962942814,"beta"
8.21974407994984,-3.32167585766177,-1.64134462060488,-0.599170404788766,-1.39643430006878,"beta"
8.55959541863448,-2.23645624009796,-0.575546289591905,-0.904322930202993,-1.23618253474095,"beta"
7.94985146479617,-1.9736415405562,-1.28370540539324,-0.633877337322326,-0.439917471576051,"beta"
6.92006395296519,-0.938661729971507,0.427308327519526,0.417353545624226,-0.791432362549143,"beta"
8.92406621325045,-2.59596647490822,-1.43888432510631,-0.85295085190613,-0.329044168876791,"beta"
7.8191240525524,-1.98788077903852,-1.34146658170244,-1.11201924120774,-0.985108224511867,"beta"
8.05249500211887,-2.47358122161513,-3.83829702449972,-1.08431369164008,-0.504672523720653,"beta"
7.0647636961141,-2.86172170320709,-2.90082869358467,-1.58167783557627,-0.968111199664408,"beta"
8.5094065382169,-2.44154708466459,-0.509084909829447,-0.171406144355527,-0.859509229265361,"beta"
8.66838486281794,-2.40523658782947,-0.199303604727298,0.0245470599638665,-0.686021032398046,"beta"
7.89811497045932,-1.71928111494696,0.669984847093415,-0.0832582456600779,-0.953103615458474,"beta"
8.53057686770104,-2.78807443139455,-1.91535427245303,-1.00601645235157,-0.892607959611119,"beta"
8.84954156338831,-2.80298996542374,-2.33254054817855,-1.12878616150967,-1.41565298658616,"beta"
7.33770798324953,-1.56667460681867,-0.00448646375021597,0.00281411181637214,-1.05380508898379,"beta"
-1.35632196210051,3.70511024699238,-5.31719107189183,-1.76853093371085,-1.07993035242027,"beta"
8.59203827292957,-3.32882825067797,-1.91413352786332,-1.45607311333345,-1.33602353855125,"beta"
7.41511609733863,-1.76355614613176,-0.699993933024265,-0.805910901236939,-0.703232859231266,"beta"
8.54178093921835,-2.8329718260274,-1.23818831547101,-0.383001238911891,-1.07750150151188,"beta"
8.16131213999321,-1.61093082690649,0.375228793947945,-0.223967213727566,-0.572603493790934,"beta"
7.31080564501675,-1.98250304482275,-0.75840447145479,-0.680335735057767,-0.914508086169402,"beta"
9.34184541104461,-2.80491299762645,-2.26913015674108,-1.38323672481936,-1.55103614584665,"beta"
7.16668439715746,-1.50483594662064,-0.0368952057490214,-0.477776634093551,-1.10979038407103,"beta"
8.50414737985489,-2.67316096095478,-0.624888888458545,-0.0513796299036668,-0.345186029373601,"beta"
8.72897580701218,-1.91174874511574,-1.05273400710176,-0.392614306599331,-1.32662546036116,"beta"
9.21087355355954,-3.49658690409653,-1.82519428858414,-1.69005143744684,-1.64733973471725,"beta"
8.5828313048217,-2.86063716590703,-1.27948398411835,-0.724522856242987,-1.32990391789159,"beta"
7.65950845427555,-1.4089503344449,-3.09648615513245,-1.91965532275854,-1.68283680404745,"beta"
7.25211745335946,-2.76921056311462,-1.9641730068876,-0.625595344403316,-1.2059797289757,"beta"
8.19204444819823,-3.50885619952555,-1.83125553442395,-1.77766389190151,-1.262465501688,"beta"
8.85513155183875,-2.85723891695704,-0.852787735341979,-0.470130446978096,-0.317368939479379,"beta"
7.05866573569987,-0.686468990366227,0.756797454471005,0.252099494464275,-1.12923613241627,"beta"
5.1702941369808,-1.73309398983841,0.195533619258733,-0.939853183672024,0.0315241053539549,"beta"
9.89214562701116,-3.10015512879056,-0.901494073669094,-0.236788179825085,-1.03894346990347,"beta"
8.55145418128227,-1.67714326173646,-0.66195750912127,-0.0216720555096806,-1.19435077914046,"beta"
6.82648212098056,-1.75462718032593,-1.07798873778267,0.128788066540532,-1.12659857643546,"beta"
8.15412560752036,-2.82428149741993,-1.94016295457805,0.500455817033822,-1.60390405215014,"beta"
8.40457425678078,-3.19465334719282,-2.35428940405537,-1.04766082100328,-1.49281695199005,"beta"
8.14276073058862,-1.76990170512674,-2.05186817076213,-0.942726508399522,-1.30462718612429,"beta"
8.06106387330949,-3.14258507726878,-1.29120699126228,-0.709662047332561,-1.23828091457377,"beta"
8.71632184006618,-2.7093910208715,-1.71124686068614,-1.15172348039243,-1.1986780759509,"beta"
5.71652584251349,-1.78392515687478,-1.05156735210815,-0.546303419917944,0.566574628876593,"beta"
8.30389258687466,-2.75814573936357,-1.22522705546552,-0.0901150175325034,-1.48935605908343,"beta"
8.26610934888041,-2.28266222248434,-1.89142857050481,-1.20297931888144,-1.27532448402678,"beta"
6.33947432428454,-0.848573432843055,0.165940436693021,-0.722530100903553,-0.951948099481833,"beta"
8.13813896134502,-2.24713387252193,-0.19461322850514,-0.126093298870395,-0.717198198868828,"beta"
8.21053845902706,-1.96045934565833,-0.619674290305323,-0.261532971525135,-0.857574173401258,"beta"
8.21199511860283,-1.92749423722738,-0.906607540773112,-0.415588064526578,-1.13764916411116,"beta"
6.15756786013922,-1.12778629907239,-0.181093309917088,-0.168399259788615,-0.922953759970461,"beta"
7.74409902452659,-1.18174995405927,0.475391835659785,-0.302505047297789,-0.883033073949161,"beta"
6.73340025482128,-1.32879731445444,0.446738457993596,-0.134875977830181,-0.655001622005269,"beta"
6.36280767082686,-2.15473769443954,-1.4575412578955,-0.124468651881726,-0.803669816775015,"beta"
9.34108418321568,-3.00502918819848,-2.73691868686974,-0.985699904356243,-2.01176906485532,"beta"
8.72284968366103,-2.16199481730379,-1.20365758910663,-0.771391342008437,-1.02741299455949,"beta"
8.59803747466917,-2.07709370071168,-1.05162102525099,-0.873997249129858,-1.08882578002354,"beta"
9.02717401958547,-2.22160252397671,-0.76797058516663,-1.04268713584092,-1.65783251560696,"beta"
8.98149371856409,-2.54368634280071,-2.55694007354629,-0.659299268857263,-1.37535619570159,"beta"
8.39242240044993,-2.87085046910519,-2.28010221453394,-0.808640012772765,-0.3840308702894,"beta"
8.03525827096063,-1.61833447301776,0.783275013521528,-0.149145819333901,-0.830492041403175,"beta"
7.67466677149485,-1.33277523173064,-0.887406699863939,0.168027993427193,-1.1964491221398,"beta"
7.07186705434552,-1.74226629367079,-0.425096227651386,-0.505894727220045,-0.740985238601636,"beta"
8.82172884508365,-2.08595882842094,-0.357276394862683,-1.14247869170768,-0.617119654089972,"beta"
9.43054897159704,-2.64000219657866,-1.01537800604957,-0.245358947625907,-0.954480170330104,"beta"
8.15274979470647,-1.45137426747688,0.0268827556926175,-0.156839576988847,-0.568039069865786,"beta"
8.52089159451307,-2.86145524605817,-3.33732629312739,-2.0597459824842,-1.96356660854247,"beta"
6.47628687247014,-1.74052791578136,-0.856198334565349,-0.69128565073362,-0.296943779700026,"beta"
8.35719940842283,-2.70385747033725,-1.46182712974934,-0.430755714709099,-0.678639395301624,"beta"
7.73024927828744,-2.1145282069466,-1.4800729742439,-1.23397549318712,-0.772560895763404,"beta"
6.16764837195175,-1.59503732257371,-2.64821670176501,-1.10054330590557,-0.731070480696495,"beta"
7.79456405145372,-0.665013651510395,-0.282046130407847,-0.516327253538832,-0.463047057062373,"beta"
7.32476674800629,-3.50167938359145,-3.56630000626413,-1.53665459954816,-1.61262323847843,"beta"
6.30048797520619,-1.11278976256649,0.215910950926178,0.426592644953259,-0.490267418567936,"beta"
6.95964978979391,-1.00453416700946,0.336049958027577,-0.146534177922301,-1.40290406096339,"beta"
6.54113859952731,-1.37529044723863,-0.433128531389928,-0.326539862881679,-0.465389970803218,"beta"
5.41741601478549,-0.526156219462722,0.111029072178914,-0.0454617293683089,-0.80456379609014,"beta"
5.69848601057395,-1.59129778421843,0.437226378350218,0.485653368543851,0.726598051396179,"beta"
8.51851544873569,-2.12420910399702,-0.593776958399976,-0.686311428427554,-0.897122693066636,"beta"
7.27306990709274,-2.1268112135657,-1.17115925787872,-0.523391170508024,-0.723477014604013,"beta"
8.16880963391959,-2.09751173604931,-0.0119420831385306,0.159607942342013,-0.747532159401868,"beta"
7.8206385116167,-2.16042988399486,-1.03494536614654,-0.39176503197409,-1.42589676628372,"beta"
8.57281089147741,-2.3428680448203,-1.15676188114108,-0.510504406763882,-1.20366813010835,"beta"
7.86243317362376,-3.0289738651382,-3.69537433078889,-1.19388722603829,-1.32207801795785,"beta"
9.67379931443381,-3.12052022929712,-1.61992005060331,-1.10061852290013,-1.37778073584001,"beta"
8.68107579243565,-2.43945183872255,-1.00428493536902,-1.0508089149423,-0.756197149182686,"beta"
10.2091269634101,-3.18192297975205,-1.88945512631895,-0.796331906154957,-0.710112509136695,"beta"
6.06558467630992,-1.41525481627663,0.232985884938874,0.454157625369015,-0.437574302263617,"beta"
8.81055617107593,-2.7639132905265,-2.76730098009781,-1.41302680701754,-0.083483931512295,"beta"
5.81901988289713,-0.151245457232197,0.134135820955595,-0.308439550162376,-1.13398536372082,"beta"
8.03380771311834,-1.71740702469119,-1.42117527505513,-1.26986186929232,-1.49364051361943,"beta"
7.48435591775027,-1.62567354644283,-0.537082334050611,-0.330938927750094,-0.575120056738632,"beta"
8.86247139702297,-2.7383185510485,-1.50634523128017,-0.70949814840629,-1.27342069349662,"beta"
8.02450797457691,-2.33416940784335,-0.634430944028829,-0.614296138564478,-0.641379259610217,"beta"
6.94370757983027,-2.0254632142916,-0.0838712933383155,-0.0154006088060203,-0.836029498526225,"beta"
7.23924164470726,-2.02736439244844,-2.01587940208645,-1.4788726544634,0.0784888369884132,"beta"
8.56591754522077,-3.19348053204177,-2.52610596547888,-0.662655893403295,-1.71013607112694,"beta"
6.0523281366571,-0.754542537881304,-1.14387174649235,-0.37845873341295,0.392816874041481,"alpha"
4.53942905427149,0.0682596367565121,-1.36491270592305,-0.264899157456209,-0.526056324838476,"alpha"
7.42006658974701,-1.22242313791877,-0.475910210453061,0.121799399109677,-0.20848752890937,"alpha"
7.43442909902848,-1.3426272951818,-1.83415440412445,-0.543991945577002,0.680330297679075,"alpha"
9.00158992926148,-2.10625554238525,-1.61439709773748,-0.955510844609913,0.0592258456910135,"alpha"
7.8149522907442,-1.93601463323306,-3.04608167953888,-1.07868080523836,0.875714490381059,"alpha"
7.58071588458975,-1.07564839220742,-1.09152262582119,-0.505558828293801,0.367940603042445,"alpha"
6.94791863502564,-0.829624074936158,-2.38336634744677,-0.476958779772256,0.0719394951832289,"alpha"
5.7963835778997,0.472507706558074,-0.480893723191067,0.154720518091188,-0.0380100004366812,"alpha"
3.32130324595276,0.268778490379445,-1.5172017105852,0.024712408634139,-0.288358647058632,"alpha"
7.27160016869885,-1.35434888985459,-3.01132794163764,-1.45711569766156,-0.052925021449019,"alpha"
6.91645007871603,-1.23533882003363,-0.61203261709665,-0.352345011637546,-0.39126667520615,"alpha"
6.56040865931628,-1.29271697518119,0.506792101136548,0.51805333816664,-0.670189436777892,"alpha"
7.55291739428493,-1.48576111763452,-1.98412463206105,-0.194159941096279,-0.221350211827731,"alpha"
6.95526990575,-1.08475749465251,-2.51953525452282,-0.887162857014081,0.113789403836639,"alpha"
8.2412425066456,-1.69265021710207,-2.5811544381126,-0.665159143379956,0.271428969590005,"alpha"
7.19563857345421,-0.813696417302397,-1.08528917306372,-0.147497318683017,0.360995533861449,"alpha"
7.61037195941306,-2.47686028681279,-1.84240892644225,-0.819766813225738,0.94272876432171,"alpha"
4.85836015874824,-0.338054486973865,-1.03781481755823,-0.635712073343204,0.0841383152362428,"alpha"
7.3303617235855,-0.997614649254549,-0.0409507639258076,-0.13520627987782,0.32699854645938,"alpha"
4.60790864265921,1.03430125796076,-0.336846987267214,-0.341887356834592,0.736815405200876,"alpha"
6.72172921110624,-0.958442797176801,-0.623232685507468,-0.548714898487653,0.114649588583525,"alpha"
7.81834704337035,-1.41939478260039,-0.828250540575245,-0.58462895990168,-0.233980634983309,"alpha"
5.21407195760756,-1.24550121024838,-1.13355758243907,0.356268047045801,0.382598624080506,"alpha"
6.76516624647125,-0.795976835746958,0.783602849798064,0.781224731012974,0.748141770718149,"alpha"
2.37266872320291,0.614463373858047,-1.81484299802639,-0.816952603478602,-0.619720698904976,"alpha"
7.39201493391933,-2.12389085695864,-2.11668997828543,-0.805263874240805,-0.336884137054339,"alpha"
6.21628210256061,-0.519540379236333,0.499449974942392,-0.133121242878769,-0.220230606006099,"alpha"
7.5126134326993,-1.89006370076623,-3.09593789750083,-1.11666139927567,0.880594754697737,"alpha"
1.24323258822296,4.14463202910095,4.17693757135689,-0.070749738607626,0.513962284869071,"alpha"
7.66605046640197,-1.49245009493898,-2.73860426089552,-0.578020676384115,0.044608334231163,"alpha"
7.78732417876925,-1.87262515537603,-2.693880175677,-0.481534282721798,0.0559677861915369,"alpha"
7.62168350178626,-1.41164902933256,-1.41889795599818,-0.90848329993185,-0.420764583902744,"alpha"
4.47623667071543,0.606410688561048,0.734257800556697,0.245301988133479,0.273789020175489,"alpha"
4.97338594350768,-0.749349865223931,-3.2605754068227,-0.965615269714507,0.377388783316867,"alpha"
7.56144710432345,-1.10246413072602,0.462015940665019,-0.276284390691612,0.122027936675391,"alpha"
7.57422328063811,-2.97614796718087,-0.994820602642893,-0.97715383859083,0.301115084265522,"alpha"
7.11111955669119,-1.38768901093291,-2.17340091984648,-0.257414811787148,-0.0784650788188136,"alpha"
7.41338689247888,-0.952157610139893,-0.531957085213713,-0.238178922424652,-0.0394545494503915,"alpha"
6.32692749672884,-0.220347899961984,-3.71865266304997,-1.05949654943808,0.814087826325109,"alpha"
7.67169662082668,-1.69126987865558,-2.24024062054477,-0.472310952878862,0.240174322553227,"alpha"
5.86893578232826,-0.280117691112121,0.240085662088204,-0.0599148573842638,-0.0457421620494576,"alpha"
8.10537672563368,-2.26210736722829,-1.67944692720219,-1.08158564596635,0.100973907085493,"alpha"
7.17910494483992,-1.77342013946189,-1.84759955591979,0.372926537418112,0.547784948641961,"alpha"
6.99655643354673,-1.21328994784021,-2.34502728555253,-0.951514946078675,0.76436189741652,"alpha"
5.18874046768891,-0.228253235074467,-0.982278308783462,0.0924206316213878,-0.00017551397933897,"alpha"
6.1223663530356,0.174362911178039,0.991507719564138,-0.193098933853244,0.167099714472658,"alpha"
8.50595675736491,-1.93772125559447,-0.614179789227585,0.27005341938614,0.00693511486312865,"alpha"
6.61342491464249,-0.923806978522974,-0.225005685197018,-0.0868219212774833,-0.0532284455569533,"alpha"
7.42567851684973,-1.22329269113856,0.296055075676778,-0.100556473239577,-0.658471742798245,"alpha"
6.22742989219366,-1.22520931107886,-3.10405606734371,-1.040337641259,0.840114641102753,"alpha"
6.81732156192947,-1.22250694465046,-2.07773781495042,-1.09624415831323,-0.0958890907954585,"alpha"
7.69802043134417,-2.51075725979276,-1.89171617328249,-1.18252523346518,0.326283071541441,"alpha"
5.33321903691013,0.383309583905911,-2.03847671631922,0.0395426648300411,-0.360908569012734,"alpha"
4.77315687390806,0.179459955981014,-0.487183979957899,-0.508964055240717,0.557991619895669,"alpha"
4.96262541481156,0.656928063151599,-1.39884375624371,-0.209675496478037,0.147263817435023,"alpha"
6.16711866841707,-1.92841798188836,-1.00505924091303,-1.22720787711401,0.537841903494932,"alpha"
7.08921765497063,-1.08104931742733,-1.35122750923929,-0.638515697300697,0.462812366638753,"alpha"
7.84161385007176,-1.61833366203884,-0.317332927183082,-0.312614256590053,-0.148991405421301,"alpha"
5.51206851205847,0.258164103493038,-0.417123659543472,0.328997237579571,0.214943055343798,"alpha"
4.40429489176293,0.308354823503602,-0.685213999054535,0.115675731473366,-0.0916758375937741,"alpha"
3.23547695384936,2.99263800557552,4.61585889829656,0.773951468670715,-0.0138339261447309,"alpha"
7.7390756330303,-1.49743507229948,-0.184326812860437,-0.257351061842299,0.0641233300466745,"alpha"
6.51074406167846,-0.241566773599153,0.77017350077873,0.571468185336875,-0.0734887696794977,"alpha"
6.12385280115862,-0.19539755238,-2.20923057500539,-0.937156176788465,0.548387273688251,"alpha"
4.50894444238508,-0.0847166387004421,-1.51927367865547,-0.223174616791877,0.692121707060669,"alpha"
7.20560199135415,-2.11555297759723,-2.79547529968447,-1.68321160444755,-0.0739286312284509,"alpha"
7.20169312787125,-1.94360593430143,-1.82236381070008,0.0787972279680977,-0.395593875618502,"alpha"
5.39490961124615,-0.214704467770581,-0.825218785055877,-0.446694817399527,0.316646218595679,"alpha"
6.33554329618675,-1.29447829434428,-0.601531010687222,-0.124608990402631,0.16680378607442,"alpha"
6.95392223740085,-0.922154252530286,-1.56449175884891,-0.185361168896195,0.34539309841783,"alpha"
8.57174123027156,-3.15494470789027,-1.35664784060955,-1.22814007419462,-0.0188161556689215,"alpha"
1.17001888327459,-0.766816542173159,3.04359677698874,4.40241684096695,5.28132677469662,"alpha"
8.26108322441542,-1.34299627866763,-1.88124716939021,-0.768833242318459,-0.0272371503813577,"alpha"
4.92723256167776,0.149608102047624,-0.898644216076634,-0.180402557805897,0.594088820001853,"alpha"
7.14538413891456,-0.154140978395424,-0.380239872840301,-0.0649743183036517,-0.373289083526394,"alpha"
8.21873053605971,-1.96913726744474,-2.21201691699479,-1.11377724916013,0.355744378288215,"alpha"
6.75451340303203,-1.75267473459855,0.504977481026642,-0.143659636328208,0.370159214531868,"alpha"
5.17729547908058,-1.87842663984932,-2.87131494905328,-0.874824218573574,0.0555249812542105,"alpha"
-0.0513931490883713,-3.62915933365676,0.845388533598675,-2.7772717713996,0.427334572815446,"alpha"
6.28228353045507,-0.924934791638003,-1.32656703844005,0.10533041089083,0.00666162623645815,"alpha"
7.44049479057279,-1.61424137836412,-1.99366380382113,-0.603562860782924,1.06721698548792,"alpha"
4.65422960801083,-0.320849167220306,-0.965589953776207,-0.40773542982065,0.354351414690751,"alpha"
7.58376543563592,-1.40235875011116,-0.855944784840319,-0.0327141165942606,0.0078094052574109,"alpha"
8.21611280905611,-2.24855594242447,-1.35578166917715,-0.408694487715098,-0.117696779812424,"alpha"
5.49775579056099,-0.239613933834671,-0.659161684821767,-0.797819681484567,-0.112021025192747,"alpha"
7.30409040272118,-1.42540252854242,-3.19125786924899,-1.06100331047753,1.16069600464333,"alpha"
5.416504292394,-0.66826964519434,-0.378636855812378,-0.0598126997249894,0.263006756689206,"alpha"
4.76214702922045,0.104804510878938,-3.32359239594831,-0.518728787948815,0.414731399664831,"alpha"
6.53467455796765,-0.842770496336751,-0.925582375087876,-0.120213939204141,-0.155494766995859,"alpha"
6.95967571580887,-0.922250234548035,-1.16733261852024,-0.234487706787917,0.319791512123347,"alpha"
7.19301324127071,-1.60071878715625,-1.43313079061389,-0.793350413674196,0.349140681092167,"alpha"
5.72441934413567,0.227480845019307,-1.13951595359961,-0.413630303245233,0.982806280273189,"alpha"
6.54162179421725,-1.50981832909556,-3.37200295104349,-0.10884702815475,-0.568663234798136,"alpha"
7.99629345807457,-2.53128895478959,-1.68161185705638,-0.208855713016389,0.169780275332152,"alpha"
2.80275921274013,0.0227052220339653,-2.02967873386328,-0.0738864168585271,0.474593717099812,"alpha"
5.7559160207242,-0.646354610364543,-0.638895376107621,0.270919710660842,0.855905189300354,"alpha"
4.93061378340592,0.259785098437519,0.192361794160903,-0.629367700434307,0.0986968620923939,"alpha"
2.3765472440972,2.25064904796218,-3.81857431185548,-1.64661888025778,0.569107840331068,"alpha"
7.58574400775104,-1.85301475965162,-0.923755657570654,-1.02580934672445,-0.168216198972257,"alpha"
6.29704879952581,-0.761559038416947,-3.29425244170785,-0.979065085703636,0.295225685925129,"alpha"
6.7260278990371,-0.243430412040199,-0.214775136900591,0.0545342179258517,-0.332787609256579,"alpha"
8.83704928568329,-2.68224739890759,-0.726609786677142,-0.32178304353434,0.183873209832868,"alpha"
6.38753491294478,-1.13312077559148,-1.64681767590929,0.332823439229685,-0.41832813358887,"alpha"
6.95952063905055,-1.04035309750535,-0.711976486086321,-0.946677694841588,0.626828863826446,"alpha"
5.2915675110086,0.264423451269622,1.66851963083002,0.543084114266592,0.0720808317558514,"alpha"
4.00864644636592,-0.224693665620042,-0.124487812573088,0.72812001705914,0.28306905472615,"alpha"
7.92882879573858,-1.53175474292521,-2.61004855392611,-0.894428300055389,0.959207456473783,"alpha"
6.37741564818078,-0.386716319854669,-0.677466876386574,-0.328362280643557,-0.16791993291584,"alpha"
6.87946317969879,-0.324940809078957,-0.339784483565071,-0.343664821315172,0.18034959135772,"alpha"
4.76653701907257,-0.54227107373532,-0.0828874231207894,-0.563426498094859,-0.110318513271541,"alpha"
6.72768570372546,-1.43548205173672,-2.46126714992275,-1.01289782584585,0.0940069940486576,"alpha"
7.49158513152194,-1.54832186501597,-3.35342398792393,-1.11944840447331,0.567136757666099,"alpha"
2.98952323478793,1.02866416338728,-1.11503820560052,-1.01697837075917,0.282274476764325,"alpha"
7.61955504386783,-1.55298070400935,-2.96928767650521,-1.2831066206052,0.668125395673488,"alpha"
-1.64223133884443,7.74787310153034,13.7044329123784,2.95769618597776,-0.617028505021454,"acinar"
-8.16336320978947,12.2171737745836,16.7186880543894,3.18168532230501,-0.156372834617697,"acinar"
-8.89598993238406,15.2143628474603,15.9866030807752,3.55427286369089,0.945172426730266,"acinar"
-5.97296817654183,12.6049122346111,18.505261650099,3.9281933216403,-0.21928187844146,"acinar"
-3.39704855130386,11.6632955473615,18.0633212937536,4.05863341360147,-0.0878036839953461,"acinar"
-5.27420971696005,11.1368873420371,12.8904237638724,1.4049546778238,-0.449527158695433,"acinar"
-4.51508926922104,10.1245509068205,13.975800887539,2.71501644909168,-0.39707889003999,"acinar"
-1.03127928561503,5.9043267142726,8.01986845284372,2.20037622528988,1.78744868315953,"acinar"
-10.0012227796375,14.596735255725,13.22239413335,2.32420882774769,-0.325652337331405,"acinar"
-6.25474585012146,13.7777581951226,17.3776521245839,3.2836442914884,-0.622820336185322,"acinar"
-7.68698623032584,13.7885077165627,16.2725331496258,3.30873709268201,-0.211797929482347,"acinar"
-6.70319133733139,14.5215774312913,18.4108913680782,3.78757428092861,0.0712946399553849,"acinar"
-3.44632283418763,10.7422503803974,16.641809593307,4.05859369881319,-0.474817567030171,"acinar"
-4.60023426068879,11.6627784292966,17.5547638183896,4.43117638883917,-0.2146639332249,"acinar"
-7.27096998088045,11.3574350284715,15.0656389662892,2.97274587079225,-0.536838282895184,"acinar"
-9.13141430400945,13.9278907493994,11.8199490062527,2.31712346742954,-0.552607927239851,"acinar"
-8.40799547234534,13.3714194199406,9.22410485396016,1.88148533715383,-0.0782356292841021,"acinar"
-1.16598149619771,9.39479601131064,14.8639335967152,3.04512786439451,-0.186320885897567,"acinar"
2.18420803255177,7.0292379528185,12.0028847561165,2.82038804566426,-0.77755240374555,"acinar"
-5.07242824372951,11.5250131113699,13.7914955648577,3.19934439350689,-0.368422826020827,"acinar"
-5.74694940171798,15.7972474941727,18.7148206963856,3.76032088109403,0.256403139942635,"acinar"
-5.52301455420636,11.9010827367517,16.8544367271588,3.18967241174373,-0.471246467151521,"acinar"
-9.84268848672887,14.4015993394492,16.6791998165647,3.52974630485416,-0.572909872887779,"acinar"
-9.3748135186165,10.1230690733246,3.24193765786238,0.293925117906213,-0.54813222536983,"acinar"
-11.4888772606837,16.2351587071856,8.83716461564947,1.4654353207268,1.09511782743256,"acinar"
-6.78090244536645,12.7457084581464,17.486536002788,3.9144819534026,-0.635207579224787,"acinar"
-11.0728100152209,15.0077424907686,12.1299541878487,2.42488775507162,0.465699528157511,"acinar"
-10.6781953863967,15.074285874337,11.0188095665286,1.5091600263528,-0.42055586395483,"acinar"
-2.80088304030249,10.9841724626451,19.8146364739244,4.44898422894676,0.21454729797022,"acinar"
-6.39125673252851,13.9041176384213,17.8922494177814,3.6562153540954,-0.202526840372895,"acinar"
-2.96493965535282,11.0542692936948,13.3359031427485,2.99106741475808,-0.829485246279579,"acinar"
-6.32016226331414,12.2054602293208,13.7668915013151,2.4511849334138,-0.129513590509187,"acinar"
-8.35054103873292,13.8040970371754,15.8512229600252,3.69856957552817,0.428028211416792,"acinar"
-5.09261883370715,13.1724989106259,14.4962804640064,2.86891026751073,-0.366538104307915,"acinar"
-9.25908753068845,8.9796278642288,9.28083698839333,0.513891323294516,0.259769796702024,"acinar"
-2.32820110501726,10.575843857812,19.5209866756815,3.86539730284705,-0.00881353815436491,"acinar"
-5.76773928065797,12.5043653041285,15.6732711391706,3.46469244322086,-0.341587499923897,"acinar"
-8.04539137167306,12.0985304453993,7.22893809542313,0.945997362301473,-0.643148980266434,"acinar"
-5.40396108568444,12.2396822354473,17.4256627928648,3.591701385992,-0.0620481741787014,"acinar"
-12.6130857689919,15.9490422831206,1.43162278606003,-0.864011611719032,-0.30277066752578,"acinar"
-10.7052111643809,14.1558745254441,5.34438804809759,0.689389256675119,-0.981804467634112,"acinar"
-6.08037503739572,12.8853751591049,17.8189442543996,3.57591110795788,-0.115310123808223,"acinar"
-3.45113684354463,8.24443293917813,9.87348849760641,2.00068306396151,-0.360846005059383,"acinar"
-5.62806129105295,12.464683687707,17.3837956644983,3.55017067294344,-0.0568388642116115,"acinar"
-6.0942461946328,13.01731423892,18.7769326414057,3.35835671420377,-0.317867954697809,"acinar"
-14.9537379247598,16.9444398778268,0.42149088501792,0.0768098448500787,0.80788393135762,"acinar"
-6.0929261434343,13.0693106469642,18.0055157632316,3.42221508641245,-0.789173262652898,"acinar"
-8.66612748073236,15.3291214104926,10.4587815063693,1.63213456576387,0.154791303450617,"acinar"
-4.11922599394594,12.1194645332594,16.7964320473619,3.15450894861347,0.134768471765678,"acinar"
-5.33298767200603,13.0295476646041,17.3546849370236,3.11145358938113,0.790363460721441,"acinar"
-5.23057329888604,12.2872541906204,15.9685537398477,2.98965651071492,-0.71830415835429,"acinar"
-6.70417700400189,13.1772929775328,13.6316960921157,2.22560449994366,-0.589904117552478,"acinar"
-8.48773246079111,11.8432257246915,3.70661070136399,0.0523301554563342,-0.0173317709753616,"acinar"
-6.43693291272466,11.9310739184608,15.9199522701186,3.08038470091765,0.065330100134725,"acinar"
-5.36770581666939,12.7003531399235,19.3463303641971,3.90051620624533,0.0901899829286344,"acinar"
-4.03266706160254,13.1048590455735,20.7876175421037,4.94435247688531,-0.226719764509355,"acinar"
-8.79312975951342,14.4376996508198,14.3803181045949,2.83057817775895,-0.594292423665067,"acinar"
-3.40961966055532,11.8184648066517,15.3349847395731,3.49351059318514,-0.817402185545186,"acinar"
-2.25505065392346,9.94941476718352,16.2864628253089,3.93150283668566,0.722417422095183,"acinar"
-7.61787296285873,11.8058163540669,8.90861775367773,0.740981281202073,-0.846489430615266,"acinar"
-9.07570430447538,13.4408689040746,13.7845023361924,2.45108220974967,-1.18399683885526,"acinar"
-9.71623390428194,12.0780937713457,14.689802269018,2.36972520450221,-0.448857338265014,"acinar"
-1.95669554656958,10.2054447820151,16.0523861365742,3.05539179801388,-0.0639976796847673,"acinar"
-4.01092967688537,11.6578784941723,17.8292861605896,3.61743689819149,-0.396448685736023,"acinar"
-3.22874570149433,12.6403250152104,19.7638199658905,3.69523925505815,-0.266039411538383,"acinar"
-0.763252947202338,8.10387551302274,12.8594096050095,2.58749880059872,-0.0242602835590222,"acinar"
-4.08974188442542,12.3320437414288,18.5107127665612,4.25028725950707,-0.0332189003055963,"acinar"
-4.48605206306925,12.4995337719491,17.5451454987846,3.62544029391145,-0.710719922689169,"acinar"
-5.85368133290696,10.963640194698,15.0063659058417,3.53762077299215,-0.100678203431942,"acinar"
-4.53842121970103,10.6474039568979,16.9425067733558,3.22063400505903,0.0138333861343785,"acinar"
-7.9247219002884,13.1378439112002,14.602678453991,2.70666848047948,-0.235187712927398,"acinar"
-6.85626455563765,13.1443495713356,18.1271340702501,3.66171825190645,0.0531056469589771,"acinar"
-8.12779739444285,7.86280863009266,-2.57913621877703,-0.909293889201325,-1.50581642623268,"acinar"
-16.0338438699927,17.5467328534659,2.04240295165619,-0.355202791528191,1.12210520942338,"acinar"
-4.82994720930935,13.9826939536003,19.1232077531948,3.581720231383,-0.233213110720409,"acinar"
-7.10075552264428,14.1366798452365,16.6264568779212,3.42253338368516,-0.568419444808347,"acinar"
-6.21519690265695,13.6964281292336,17.1277152901278,3.39265690226933,0.112575764648445,"acinar"
-7.7023144350833,15.2191825277045,17.5137859919472,3.3692664218777,0.0642355329983671,"acinar"
-3.23210341396518,11.1871826634459,17.017120858235,3.33596782064954,-0.133396304291972,"acinar"
-3.2387021297266,11.4102101589351,18.8032015016951,3.63655337744284,-0.0832363861883791,"acinar"
-8.70100293244434,14.8823453360023,16.9476761377131,3.44447272268595,-0.248294098143205,"acinar"
-6.05722568553434,13.8324572366059,18.1147341458454,4.3567803276092,-0.281049533715274,"acinar"
-7.99605951469935,11.0887152480285,18.4425444197444,2.55393194183624,-0.315541305575479,"acinar"
-5.45710611767124,12.2650145456241,16.4807065039772,3.27379452913106,-0.696588593902942,"acinar"
-5.88895784214272,12.1373981980474,16.5791156447065,3.24574250722411,-0.280066696447803,"acinar"
-4.5966853948472,10.7865592766436,15.6370552010996,3.00756803918429,-0.216766568932736,"acinar"
-8.39172883392031,11.5028546606273,15.4621989934716,3.85902294878297,-0.806069730505842,"acinar"
-3.84395694839823,11.9250585978903,15.7619062286993,3.02078679139249,-0.0815502140073708,"acinar"
-4.83955159486298,11.9508320587396,15.4241246436141,2.94535295445376,-0.324740338024583,"acinar"
-7.67036285234617,14.9901528493565,18.8021773753173,3.47173733855342,0.0468474677462474,"acinar"
-12.005767830277,12.4942526025471,4.51381840687461,-0.0440545547203779,-0.478681320235721,"acinar"
-9.37092023505406,15.1680941139224,15.3133140211332,2.52366721542189,0.268302840474783,"acinar"
-11.3716857009949,16.1533191672105,10.1386526446533,1.64603738171548,-0.124798077494141,"acinar"
-7.37235806781692,12.8357892186049,14.1272586105085,3.08215293223696,-1.05139445017674,"acinar"
-7.71251821050256,14.9775464430201,18.6466556068525,3.80812331644351,0.0676914626577257,"acinar"
-3.38644161707133,11.5179097161958,18.2543793005905,3.94567647921923,-0.23400294407019,"acinar"
-8.48554069673223,13.1853740109731,9.71651818069389,2.06218372789936,0.211609152777637,"acinar"
-5.63546698343593,13.1357381800939,16.3353469417648,3.88242017474433,-0.351036445722946,"acinar"
-6.13433331849378,12.7600131034932,15.19394417484,3.21549919283453,-0.587969893223437,"acinar"
-0.423243679240601,10.0852215062089,17.5277797179858,3.6140476802697,-0.16950847771662,"acinar"
-5.8740285142503,11.5745720486622,14.2191087738266,3.00453283905138,-0.426507242320456,"acinar"
-8.07649478714163,10.8164851205329,8.92037061701786,1.59738362429724,0.159326921755095,"acinar"
-4.98668313788857,11.1007100321284,7.96119963107582,0.979118519854146,0.802141218466816,"acinar"
-7.35617790351919,13.3492410626459,16.1027549766841,2.97036673715807,-0.276076049609023,"acinar"
-2.83726301281758,12.3259872036552,19.9220525301626,3.8242698012181,-0.2828501868968,"acinar"
-4.74065126697013,10.5718371435618,13.8394785673822,3.30672189434561,-0.432462365627435,"acinar"
-12.7904696687406,16.7531008246733,4.87693063403986,0.831837222283198,0.287032860218471,"acinar"
-4.75780587872765,9.76294110524356,13.1755193268879,3.00077231445456,-0.723294901560162,"acinar"
-8.33646693600968,12.6127307578927,13.5898930639441,2.39949840727431,0.164066305841107,"acinar"
-7.73372103342696,12.9690756030636,17.7199933876828,3.60607913947468,-0.764048693160318,"acinar"
-7.74335589511248,12.8233534339357,16.6741047326404,3.41203430249061,-0.18762287587817,"acinar"
-5.22726392703635,13.359040724166,20.2699561699786,3.99216153142374,0.289582182409055,"acinar"
-2.59245364722063,9.8752060798959,18.3165787156686,3.57896536200312,-0.135194847509533,"acinar"
-3.71101176085894,10.3231071553009,14.6395808186897,3.12493599604216,-0.284514168759444,"acinar"
-6.69820011437882,13.8936944095558,16.9518007195456,3.20857096940759,-0.84327928534203,"acinar"
5.58294631589582,-2.26527488680029,-0.62490651880678,-0.311955911261569,-1.19636479968383,"delta"
6.57764873398069,-1.35693136941975,-0.847654342050693,-0.732706636643215,-0.562110356758502,"delta"
8.30102102435433,-1.90385622178598,-1.33145372057981,-0.273979396134971,-0.95459316084773,"delta"
6.72106157732318,-1.62283364921882,-0.782623885113776,-0.548816902638859,-0.778249282756256,"delta"
7.09216371237226,-1.18795801692435,-0.465300744468306,-0.179750850435401,-1.05397678828783,"delta"
6.16327885012457,-1.58175558888462,0.540312195276954,-0.548631773088656,-0.830927762950585,"delta"
6.49141627298706,-2.05101428692925,-1.48338671203602,-0.87122723461289,-0.341758213644707,"delta"
6.37601109851347,-2.00589414723541,-1.54287013715072,-0.870145667573838,0.0897479496774503,"delta"
7.41364656583887,-1.5004759220266,-0.533172883473748,-0.358723490097547,-0.509355077730814,"delta"
7.44118236520927,-1.74139641963398,-1.41819231974471,-0.791203259421126,-0.268131862493043,"delta"
7.23380182060666,-1.79215713826183,-1.39948312424496,0.09172224898213,-0.398222703356471,"delta"
6.18313578015252,-2.04985604906256,-0.944681227347145,-0.686515819121073,-0.285781598337803,"delta"
6.70185993754956,-1.93039641421275,-1.02462588162347,-0.821345591495984,-0.607417985617329,"delta"
7.50191521346493,-1.86510416103032,-1.73796076934858,-0.584083395418291,-0.68997797268237,"delta"
6.01955195652323,-1.31104551917739,-2.63472001953359,0.577290766789779,-0.74836097069603,"delta"
7.5110438977262,-1.67644341637214,-1.54098422282243,0.0167788199605506,-0.848590261090255,"delta"
5.39676559241592,-0.451272557440315,-1.14458439938374,-0.19991370057354,-0.968388932420422,"delta"
7.1951484252247,-2.95819794591996,-1.437272834024,-0.99677938733528,-0.566104796987845,"delta"
6.49996382024712,-1.76984147301394,0.146807507062155,-0.304202965792458,-0.273534189521351,"delta"
6.80439443311372,-1.26028921284459,0.614210713405922,0.00246754002138298,-0.324753308231381,"delta"
4.24980796957123,-0.340700284410067,-0.518965664805473,-1.24734171204995,-1.45798405618264,"delta"
7.91081675728518,-1.99353139154834,-0.503800983243096,-0.019779812050493,-0.802532343934435,"delta"
7.42702530969567,-2.14490578255016,-0.883273701694585,-0.223287326216897,-0.234570653378471,"delta"
6.38876911898513,-2.26268535107999,-1.39673499754507,-0.951867701400265,-1.01728199567127,"delta"
6.3549579523112,-1.2478482599153,-2.05726750119889,-0.963206696725669,-0.983044072302489,"delta"
7.1973680680724,-1.28657006619261,-0.185300778327447,-0.304247253364721,-0.330401137867123,"delta"
3.85074807430871,1.67290937645191,-0.586559603695722,-0.385502524432299,-0.714533494512387,"delta"
5.32485075615548,-1.32766024192659,-1.04188417637629,-0.344441851199265,-0.84676853221941,"delta"
6.83288097650331,-1.54206289302686,-1.1006141844455,-0.664342349158958,-0.739525520102713,"delta"
-1.53090687480632,-8.27480709592732,1.62206209118777,-2.97311610289822,-1.74662707182304,"delta"
7.03825836725949,-1.33750982020349,-1.01005282961362,-0.204198531996345,-0.549752023126125,"delta"
5.07608979785117,-0.245675786326633,0.635769284959847,0.29177571704639,-0.434293572392312,"delta"
4.85818472712702,-0.667426336429437,0.446494107426026,-0.230153954454863,0.120312374498339,"delta"
4.48260701365652,-0.561200896682833,0.273755625801465,-0.577786848996752,-0.888632897691282,"delta"
7.74889195051044,-2.27214831702607,-0.796322990707007,0.141128535982232,-0.770316879732694,"delta"
3.24336418600444,2.40920161202143,2.40592914797669,-0.25179722289655,-1.12277460105141,"delta"
7.29113028906554,-2.49046182416989,-0.65385908532766,0.233000847061884,-1.26138307068194,"delta"
5.51225843968058,-0.889450365845071,-1.79192545437466,-0.408253277969911,-0.776915866565198,"delta"
5.94232291576545,-0.60332887370628,-0.703230882838282,0.00994351158706105,-0.609056265831213,"delta"
5.21893338526961,0.327735658697787,-2.95831330336846,-0.382201984949911,1.01639293327031,"delta"
6.03986311956552,-2.10685551093065,-1.5451553736827,-0.754027397921614,-1.10884949148355,"delta"
5.65215691994537,-2.31084842517068,-1.41737287877406,-0.6472294608635,-0.528469190994328,"delta"
7.79614753272944,-1.79869789269319,-0.903649945507455,-0.632632724349089,-0.645136971550975,"delta"
5.39628151941591,-1.11324346356056,-1.16547295123781,-0.236336997542517,-0.697110424965917,"delta"
5.42930370225123,-2.92215235570709,-1.78906011648421,-1.44860222156422,-1.38640474574541,"delta"
5.82184357744026,-1.2180788029032,-2.30273604411566,-0.807255184736533,-0.6439606744056,"delta"
8.36175628982234,-2.00233390788283,-0.81172174144269,-0.265407108270242,-0.663195913598045,"delta"
5.81905683346218,-1.2520300040051,-2.71347550212528,-0.507227358781053,-0.934816862694317,"delta"
5.71633155597225,0.212146615948598,-0.841455025693344,-0.952244815906142,-0.618345425324189,"delta"
6.45068096556855,-0.465725806971139,0.900950687066635,0.305035939893399,-0.445883732053143,"delta"
4.3694170814883,0.65180923375193,-0.509009256368003,-0.178445029140186,-0.574063583760171,"delta"
6.31277152049921,-0.130322760317501,-0.896954027123811,-0.397730487257083,-0.981329696093191,"delta"
4.28010532121985,1.20388776694686,3.68907341763994,0.96095122277858,-0.1951678990784,"delta"
4.88348720611757,-0.922558495788768,-2.06667577383643,-1.23256201285115,-0.561466289585578,"delta"
6.132665723872,-0.855632553145611,-1.07060870952877,-1.12158627992646,-0.798772055907332,"delta"
6.92482280841697,-1.13201853231122,-1.61212481817563,-0.610425428039888,-0.118609327203509,"delta"
4.35391990753338,0.330396812327624,-1.25103035292339,-0.780233947209402,-0.195601936961033,"delta"
7.34934112896756,-1.76195810928789,-1.15701504320772,-0.329660069222268,-0.549951370621092,"delta"
7.09419958600923,-2.05701515279759,-1.00657995314433,-0.451071846502063,-0.762778143448544,"delta"
6.86398529845914,-1.76728935372603,-1.60841660274624,-0.385312628260624,-0.767720456659613,"delta"
6.23919911018118,-0.389087002721624,0.0771622335128052,-0.341385890256973,-0.813506043791395,"delta"
6.75867972981816,-0.918833694342494,-2.03180010160824,-0.613704202417282,-0.725848754796587,"delta"
7.30933330941508,-1.66975791126914,-1.71252288847892,-0.304461008248193,-0.753619020098115,"delta"
7.16965347177239,-1.65122910797873,-1.26126393277946,-0.0552490695969391,-1.01165543883702,"delta"
6.14841123708205,-1.57279567179587,-0.511015631424522,-0.485829285778486,-0.111998668924402,"delta"
8.2942596788423,-1.90688889717771,-1.38367264309696,-0.622275229394862,-0.0155815580990716,"delta"
6.67965783366434,-1.25421414944753,-0.491713965214855,-0.351020099977211,-0.837291667346379,"delta"
2.61120109965806,0.554799707521917,0.101369500837097,-0.7667241300523,-0.0901709355781815,"delta"
6.29980108442011,-0.803793257770386,-1.87236662899309,-0.27105138531196,-0.754562691306283,"delta"
6.21154981030316,-1.4737567631953,-0.88207038232819,-0.07909069581275,-1.09399925291504,"delta"
2.23585107047524,0.0392971904532967,-1.17554416449309,-1.53509243602438,-0.368034588666701,"delta"
7.32615904714058,-1.65736387167095,-0.724479367873243,-0.407438296220073,-0.6982798269196,"delta"
5.05182637188316,0.460939923468779,-1.63854456788084,-0.203129388934879,-0.577214917179799,"delta"
7.1359656892161,-1.8175248445983,-1.82999861048732,-0.940807279493818,-0.571400029779816,"delta"
6.63323874157792,-1.92605856031531,-0.431212790216409,0.466345152125565,-0.587840739382988,"delta"
6.27655219758897,-1.22105550541834,-1.87891548207895,0.250764169073577,-0.823434733196442,"delta"
3.52553793706558,1.01046034868831,-0.445944501850173,-0.52039999023709,-0.183625528282859,"delta"
7.57389142473677,-1.28515174565146,-1.0787278060458,-0.177152518345404,-0.80136400071616,"delta"
5.21138986550057,-0.404958860666416,1.04675527380599,0.139852198981466,-0.227197720953472,"delta"
8.53274859586085,-3.2312547835386,-1.54956448552135,-0.547378322496053,-0.430097517526866,"delta"
6.52091849599613,-1.37071204417177,-0.290807174961252,-0.26115686963056,-0.207058259993811,"delta"
6.0769818079109,-1.34771669656276,-2.01702261221092,-0.810331056172646,-0.312137367942485,"delta"
7.20709999015796,-1.57035992844797,-2.11803195373128,-0.0856807397787582,-0.70434750090048,"delta"
6.51018168729803,-1.385488278396,-1.40913500277291,-0.00904631095087823,-0.228452957210128,"delta"
6.13654117925745,-0.842529308012392,-0.908741251508395,-0.402659352633875,-0.630898602535117,"delta"
4.05259616721971,-0.162507348901186,-1.22401615224836,-0.117280754761244,-0.608426095524487,"delta"
6.67494582587814,-1.31084515983277,-1.51017925043831,-1.30575503912513,-0.375119549644908,"delta"
7.16246905555898,-1.27026306673825,-0.893355213955518,-0.701448444876789,-0.784717913565888,"delta"
8.5032592783112,-1.60468484173671,-1.0217964343144,-0.176383561158332,-0.782573800661177,"delta"
6.66710234913916,-1.58217079383457,-0.860380952760099,-0.551437351460722,-0.501962601396701,"delta"
7.20445888449273,-1.93042819792433,-0.518324477466827,-0.134533958055804,-1.13259477946022,"delta"
8.2338555675507,-1.76606826378513,-1.86436820103506,-0.28915119217157,0.716587664155954,"delta"
7.16658143455859,-0.972600020947938,-0.462574114250503,-0.0130496134199816,0.267091656055857,"delta"
6.24503937848245,-1.7389738010082,-0.655296648457425,0.152682024580401,-1.03864604863549,"delta"
6.38856290309068,-1.67058322775696,-1.05574974076096,-0.549829037758538,-0.764179316861936,"delta"
6.7205184034731,-1.23409197451997,-1.20016669281676,-0.613867826032086,0.622733972715975,"delta"
6.94287890403002,-1.25677412781555,-1.39934912999742,-1.21029782394775,-0.953607804293573,"delta"
6.35850813532183,-1.42341185130257,-1.37931083030674,-0.449459499957401,-1.0344387316153,"delta"
6.44381193913041,-1.6734450844578,-0.395276142180114,0.1323045090603,-0.426739564060097,"delta"
6.30212406239832,-1.18324175084958,-1.95184866583817,-0.0591344466738553,-0.464695270950486,"delta"
3.82455234927974,-0.218575788817035,-0.0465984625736839,-0.78366032763561,-0.799480598258546,"delta"
7.94342985974643,-1.95514875852976,-0.72099847142991,-0.322800798049183,-0.681186976898175,"delta"
7.24259225920138,-1.2642874114588,-1.52599424658117,-0.395492699748228,-0.85830643962947,"delta"
7.51225448495452,-2.11306644915029,-1.458974018748,-0.587035903047913,-0.694595895605777,"delta"
7.50661292995132,-2.22881361134967,-0.739347426202252,0.184640723048752,-0.828731046340814,"delta"
5.0241586862732,-0.81021339372308,-1.82164603252404,-0.267974486367818,-0.690180706171436,"delta"
6.23270771355285,-1.00654223963337,0.208422965850917,-0.00495735558827597,-0.732253834932986,"delta"
6.09835384970003,-2.33360498128827,-1.54902887969325,-0.736160277144716,-0.602109524373185,"delta"
5.51353800933797,-1.4198604090386,-0.0646976563006338,-0.33172257245947,-0.664759554327066,"delta"
6.1274488364121,-0.960128165766442,-0.422694552330104,-0.390936554190982,-0.352024646758755,"delta"
5.95390271789193,-1.04088810958133,-1.83234243011322,-0.111321116464407,-0.441394815398403,"delta"
7.3630771117565,-1.55302236001228,-1.19505528651254,-1.21818970310493,0.0960462150484713,"delta"
4.64458854693093,-0.0476681011281088,0.117360979121831,-0.137798775621873,-0.762554956615244,"delta"
6.6477723319416,-1.14423465883526,-0.238970511920104,-0.371254501024606,0.343476906868928,"delta"
7.49968999844597,-1.29492996525448,-0.653587138538667,-0.434091155145768,-0.932919021244521,"delta"
-24.8751072587318,15.8190140481891,-16.0178314416579,-5.30637372294066,-1.01415431572308,"ductal"
4.96017247626809,0.29607615008771,-0.66324567719632,0.201343322158348,1.02104610840497,"alpha"
-4.2229239937981,11.9313602178352,15.38876996585,3.41416515214756,-0.274656210708702,"acinar"
7.29546325819803,-1.31740703393951,-2.01630457637408,-0.26159985889428,-0.0748949320843506,"alpha"
